/* Auto-generated from introscreen.png - do not edit. */

static const unsigned char screen_data[] = {
  0x00,0x00,0x00,0x00,0x00,0x00,0x00,0x00,0x00,0x00,0x00,0x00,0x00,0x00,0x00,0x00,
  0x00,0x00,0x00,0x00,0x00,0x00,0x00,0x00,0x00,0x00,0x00,0x00,0x00,0x00,0x00,0x00,
  0x00,0x00,0x00,0x00,0x00,0x00,0x00,0x00,0x00,0x00,0x00,0x00,0x00,0x00,0x00,0x00,
  0x00,0x00,0x00,0x00,0x00,0x00,0x00,0x00,0x00,0x00,0x00,0x00,0x00,0x00,0x00,0x00,
  0x00,0x00,0x00,0x00,0x00,0x00,0x00,0x00,0x00,0x00,0x00,0x00,0x00,0x00,0x00,0x00,
  0x00,0x00,0x00,0x00,0x00,0x00,0x00,0x00,0x00,0x00,0x00,0x00,0x00,0x00,0x00,0x00,
  0x00,0x00,0x00,0x00,0x00,0x00,0x00,0x00,0x00,0x00,0x00,0x00,0x00,0x00,0x00,0x00,
  0x00,0x00,0x00,0x00,0x00,0x00,0x00,0x00,0x00,0x00,0x00,0x00,0x00,0x00,0x00,0x00,
  0x00,0x00,0x00,0x00,0x00,0x00,0x00,0x00,0x00,0x00,0x00,0x00,0x01,0x05,0x05,0x15,
  0x15,0x58,0x58,0x88,0xBC,0xDD,0xDE,0xEE,0xDE,0xDC,0xDC,0xDC,0xDC,0xCB,0xCB,0xBB,
  0x00,0x00,0x00,0x00,0x00,0x00,0x00,0x00,0x00,0x00,0x00,0x00,0x00,0x00,0x00,0x00,
  0x00,0x00,0x00,0x00,0x00,0x00,0x00,0x00,0x00,0x00,0x00,0x00,0x00,0x00,0x00,0x00,
  0x00,0x00,0x00,0x00,0x00,0x00,0x00,0x00,0x00,0x00,0x00,0x00,0x00,0x00,0x00,0x00,
  0x00,0x00,0x00,0x00,0x00,0x00,0x00,0x00,0x00,0x00,0x00,0x00,0x00,0x00,0x00,0x00,
  0x00,0x00,0x00,0x00,0x00,0x00,0x00,0x00,0x00,0x00,0x00,0x00,0x00,0x00,0x00,0x00,
  0x00,0x00,0x00,0x00,0x00,0x00,0x00,0x00,0x00,0x00,0x00,0x00,0x00,0x00,0x00,0x00,
  0x00,0x00,0x00,0x00,0x00,0x00,0x00,0x00,0x00,0x00,0x00,0x00,0x00,0x00,0x00,0x00,
  0x00,0x00,0x00,0x00,0x08,0x00,0x00,0x00,0x00,0x00,0x00,0x00,0x00,0x00,0x00,0x00,
  0x00,0x00,0x00,0x00,0x00,0x00,0x00,0x00,0x00,0x00,0x00,0x10,0x00,0x00,0x50,0x51,
  0x55,0x85,0x88,0x88,0xBD,0xDD,0xEE,0xED,0xEC,0xDD,0xCD,0xCD,0xCC,0xCC,0xBC,0xBB,
  0x00,0x00,0x00,0x00,0x00,0x00,0x00,0x00,0x00,0x00,0x00,0x00,0x00,0x00,0x00,0x00,
  0x00,0x00,0x00,0x00,0x00,0x00,0x00,0x00,0x00,0x00,0x00,0x00,0x00,0x00,0x00,0x00,
  0x00,0x00,0x00,0x00,0x00,0x00,0x00,0x00,0x00,0x00,0x00,0x00,0x00,0x00,0x00,0x00,
  0x00,0x00,0x00,0x00,0x00,0x00,0x00,0x00,0x00,0x00,0x00,0x00,0x00,0x00,0x00,0x00,
  0x00,0x00,0x00,0x00,0x00,0x00,0x00,0x00,0x00,0x00,0x00,0x00,0x00,0x00,0x00,0x00,
  0x00,0x00,0x00,0x00,0x00,0x00,0x00,0x00,0x00,0x00,0x00,0x00,0x00,0x00,0x00,0x00,
  0x00,0x00,0x00,0x00,0x00,0x00,0x00,0x00,0x00,0x05,0x00,0x00,0x00,0x00,0x00,0x00,
  0x00,0x00,0x00,0x00,0x00,0x00,0x00,0x00,0x00,0x00,0x00,0x00,0x00,0x00,0x00,0x00,
  0x00,0x00,0x01,0x00,0x00,0x00,0x00,0x00,0x00,0x00,0x00,0x00,0x00,0x01,0x05,0x05,
  0x58,0x58,0x58,0x88,0xCD,0xDE,0xEE,0xEE,0xDD,0xCD,0xDC,0xDC,0xDC,0xCC,0xCB,0xCB,
  0x00,0x00,0x00,0x00,0x00,0x00,0x00,0x00,0x00,0x00,0x00,0x00,0x00,0x00,0x00,0x00,
  0x00,0x00,0x00,0x00,0x00,0x00,0x00,0x00,0x00,0x00,0x00,0x00,0x00,0x00,0x00,0x00,
  0x00,0x00,0x00,0x00,0x00,0x00,0x00,0x00,0x00,0x00,0x00,0x00,0x00,0x00,0x00,0x00,
  0x00,0x00,0x00,0x00,0x00,0x00,0x00,0x00,0x00,0x00,0x00,0x00,0x00,0x00,0x00,0x00,
  0x00,0x00,0x00,0x00,0x00,0x00,0x00,0x00,0x00,0x00,0x00,0x00,0x00,0x00,0x00,0x00,
  0x00,0x00,0x00,0x00,0x00,0x00,0x00,0x00,0x00,0x00,0x00,0x00,0x00,0x00,0x00,0x00,
  0x00,0x00,0x00,0x00,0x00,0x00,0x00,0x00,0x00,0x5C,0x50,0x00,0x00,0x00,0x00,0x00,
  0x00,0x00,0x00,0x00,0x00,0x00,0x00,0x00,0x00,0x00,0x05,0x00,0x00,0x00,0x00,0x00,
  0x00,0x00,0x00,0x00,0x00,0x00,0x00,0x00,0x10,0x00,0x00,0x00,0x10,0x10,0x10,0x51,
  0x55,0x85,0x88,0x88,0xCD,0xDE,0xEE,0xEE,0xEC,0xDC,0xDD,0xCD,0xCD,0xCC,0xCB,0xBC,
  0x00,0x00,0x00,0x00,0x00,0x00,0x00,0x00,0x00,0x00,0x00,0x00,0x00,0x00,0x00,0x00,
  0x00,0x00,0x00,0x00,0x01,0x00,0x00,0x00,0x00,0x00,0x00,0x00,0x00,0x00,0x00,0x00,
  0x00,0x00,0x00,0x00,0x00,0x00,0x00,0x00,0x00,0x00,0x00,0x00,0x00,0x00,0x00,0x00,
  0x00,0x00,0x00,0x00,0x00,0x00,0x00,0x00,0x00,0x00,0x00,0x00,0x00,0x00,0x00,0x01,
  0x00,0x00,0x00,0x00,0x00,0x00,0x00,0x00,0x00,0x10,0x00,0x00,0x00,0x00,0x00,0x00,
  0x00,0x00,0x00,0x00,0x00,0x00,0x00,0x00,0x00,0x09,0x99,0x99,0x99,0x99,0x99,0x00,
  0x99,0x99,0x00,0x00,0x09,0x90,0x00,0x00,0x00,0x05,0x00,0x00,0x99,0x99,0x99,0x99,
  0x00,0x00,0x09,0x99,0x99,0x99,0x00,0x00,0x00,0x00,0x5C,0x50,0x00,0x00,0x00,0x00,
  0x00,0x00,0x00,0x00,0x00,0x00,0x00,0x00,0x00,0x00,0x00,0x00,0x00,0x01,0x01,0x05,
  0x58,0x58,0x58,0x88,0xBD,0xDD,0xDE,0xEE,0xED,0xCD,0xCD,0xDD,0xDC,0xDC,0xBC,0xCB,
  0x00,0x00,0x00,0x00,0x00,0x00,0x00,0x00,0x00,0x00,0x00,0x00,0x00,0x00,0x00,0x00,
  0x00,0x00,0x00,0x00,0x00,0x00,0x00,0x00,0x00,0x00,0x00,0x00,0x00,0x00,0x00,0x00,
  0x00,0x00,0x00,0x00,0x00,0x00,0x00,0x00,0x00,0x00,0x00,0x00,0x00,0x00,0x00,0x00,
  0x00,0x00,0x00,0x00,0x00,0x00,0x00,0x00,0x00,0x00,0x00,0x00,0x00,0x00,0x00,0x00,
  0x00,0x00,0x00,0x00,0x05,0x00,0x00,0x00,0x00,0x00,0x00,0x00,0x00,0x00,0x00,0x00,
  0x00,0x00,0x09,0x99,0x90,0x00,0x00,0x00,0x00,0x99,0x99,0x99,0xAA,0xAA,0xA9,0x90,
  0x99,0x99,0x00,0x00,0x09,0x99,0x00,0x00,0x00,0x00,0x00,0x99,0x99,0x99,0x99,0x99,
  0x99,0x00,0x09,0x99,0x99,0x99,0x99,0x99,0x99,0x00,0x05,0x00,0x99,0x99,0x99,0x90,
  0x00,0x00,0x00,0x00,0x00,0x02,0x00,0x00,0x00,0x00,0x00,0x10,0x00,0x00,0x10,0x51,
  0x55,0x55,0x85,0x88,0xCD,0xDD,0xEE,0xEE,0xED,0xDD,0xDD,0xED,0xDD,0xCD,0xBC,0xCC,
  0x00,0x00,0x01,0x00,0x00,0x00,0x00,0x00,0x00,0x00,0x00,0x00,0x00,0x20,0x00,0x00,
  0x00,0x00,0x00,0x00,0x00,0x00,0x00,0x00,0x00,0x00,0x00,0x00,0x00,0x00,0x00,0x00,
  0x00,0x00,0x00,0x00,0x00,0x00,0x00,0x00,0x00,0x00,0x00,0x00,0x00,0x00,0x00,0x00,
  0x00,0x00,0x00,0x00,0x00,0x00,0x00,0x00,0x00,0x00,0x00,0x00,0x00,0x00,0x00,0x00,
  0x00,0x00,0x00,0x00,0x5C,0x50,0x00,0x00,0x00,0x00,0x00,0x00,0x00,0x00,0x09,0x99,
  0x99,0x09,0x99,0x99,0x99,0x00,0x00,0x00,0x00,0x99,0x99,0x99,0x99,0x99,0x99,0x90,
  0x99,0x99,0x90,0x00,0x9A,0xAA,0x90,0x00,0x01,0x00,0x00,0x99,0x99,0x99,0x99,0x99,
  0x99,0x90,0x09,0x99,0x99,0x99,0x99,0x99,0x99,0x00,0x00,0x09,0x99,0x99,0x99,0x99,
  0x99,0x99,0x90,0x00,0x00,0x00,0x00,0x00,0x00,0x00,0x01,0x81,0x00,0x01,0x01,0x05,
  0x15,0x58,0x58,0x88,0xBD,0xDD,0xEE,0xCD,0xEE,0xDC,0xBD,0xDE,0xED,0xDC,0xDB,0xCD,
  0x00,0x00,0x13,0x10,0x00,0x00,0x00,0x00,0x00,0x00,0x00,0x00,0x00,0x00,0x00,0x00,
  0x00,0x00,0x00,0x00,0x00,0x00,0x00,0x00,0x00,0x00,0x00,0x00,0x00,0x00,0x00,0x00,
  0x00,0x00,0x00,0x00,0x00,0x00,0x00,0x00,0x00,0x00,0x00,0x00,0x00,0x00,0x00,0x00,
  0x00,0x00,0x00,0x00,0x00,0x00,0x00,0x00,0x00,0x00,0x00,0x00,0x00,0x00,0x00,0x00,
  0x00,0x00,0x00,0x00,0x05,0x00,0x00,0x00,0x00,0x00,0x00,0x00,0x99,0x99,0x99,0x99,
  0x99,0x09,0x99,0x99,0x99,0x90,0x00,0x50,0x09,0x99,0xAA,0xAA,0xAA,0xAA,0xAA,0x90,
  0x99,0xAA,0x90,0x00,0x99,0x99,0x90,0x00,0x00,0x00,0x09,0x9A,0xAA,0xAA,0xAA,0xAA,
  0xA9,0x90,0x09,0xAA,0xAA,0xAA,0xAA,0xA9,0x90,0x00,0x00,0x09,0x99,0x99,0x99,0x99,
  0x99,0x99,0x99,0x99,0x90,0x00,0x00,0x00,0x00,0x00,0x00,0x10,0x00,0x10,0x10,0x51,
  0x55,0x85,0x85,0x88,0xBD,0xDE,0xEC,0xEE,0xED,0xCD,0xDB,0xDD,0xEE,0xED,0xDD,0xBC,
  0x00,0x00,0x01,0x00,0x00,0x00,0x00,0x80,0x00,0x00,0x00,0x00,0x00,0x00,0x00,0x00,
  0x00,0x00,0x00,0x00,0x00,0x00,0x00,0x00,0x00,0x00,0x00,0x00,0x00,0x00,0x00,0x00,
  0x00,0x00,0x00,0x00,0x00,0x00,0x00,0x00,0x00,0x00,0x00,0x00,0x00,0x00,0x00,0x00,
  0x00,0x00,0x00,0x00,0x00,0x00,0x00,0x00,0x00,0x00,0x00,0x00,0x00,0x00,0x00,0x00,
  0x00,0x00,0x00,0x00,0x00,0x00,0x00,0x00,0x00,0x99,0x99,0x99,0x99,0x99,0x99,0xAA,
  0xA9,0x09,0x9A,0xAA,0xAA,0xA9,0x00,0x00,0x09,0x99,0x99,0x00,0x00,0x9A,0xAA,0x90,
  0x09,0x99,0x99,0x09,0xAA,0xAA,0x90,0x00,0x00,0x00,0x09,0x99,0x99,0x99,0x99,0x99,
  0x99,0x99,0x09,0x99,0x99,0x00,0x00,0x99,0x90,0x00,0x00,0x09,0x99,0x99,0x99,0x99,
  0x99,0x99,0x99,0x99,0x99,0x90,0x00,0x00,0x00,0x00,0x00,0x00,0x00,0x01,0x01,0x05,
  0x15,0x58,0x18,0x58,0xAC,0xDE,0xEC,0xEE,0xDD,0xBD,0xDB,0xDD,0xEE,0xED,0xDD,0xDD,
  0x00,0x00,0x00,0x00,0x00,0x00,0x00,0x00,0x00,0x00,0x00,0x00,0x00,0x00,0x00,0x00,
  0x00,0x00,0x00,0x00,0x00,0x00,0x00,0x00,0x00,0x00,0x00,0x00,0x00,0x00,0x00,0x00,
  0x00,0x00,0x00,0x00,0x00,0x00,0x00,0x00,0x00,0x00,0x00,0x00,0x00,0x00,0x00,0x00,
  0x00,0x00,0x00,0x00,0x00,0x00,0x00,0x00,0x00,0x00,0x00,0x00,0x00,0x80,0x00,0x00,
  0x00,0x99,0x99,0x00,0x00,0x00,0x09,0x99,0x99,0x99,0x99,0x99,0x99,0x99,0x99,0x99,
  0x99,0x90,0x99,0x99,0x99,0xAA,0x90,0x00,0x09,0xAA,0xAA,0x00,0x00,0x00,0x09,0x90,
  0x09,0xAA,0xA9,0x09,0x99,0x99,0x00,0x00,0x00,0x00,0x0A,0xAA,0xAA,0x00,0x00,0x0A,
  0xAA,0xAA,0x00,0xAA,0xA9,0x00,0x00,0x00,0x00,0x00,0x00,0x00,0x00,0x09,0xAA,0xAA,
  0xAA,0xAA,0xAA,0xA9,0x99,0x90,0x00,0x00,0x09,0x99,0x00,0x00,0x00,0x00,0x10,0x10,
  0x51,0x85,0x81,0x88,0xAC,0xDE,0xEE,0xCD,0xDD,0xDB,0xBD,0xDE,0xEE,0xDC,0xDD,0xDD,
  0x11,0x11,0x11,0x11,0x11,0x11,0x11,0x11,0x11,0x11,0x11,0x11,0x11,0x11,0x11,0x11,
  0x11,0x11,0x11,0x11,0x11,0x11,0x11,0x11,0x11,0x11,0x11,0x11,0x11,0x11,0x11,0x11,
  0x11,0x11,0x11,0x11,0x11,0x11,0x11,0x11,0x11,0x11,0x11,0x11,0x11,0x11,0x11,0x11,
  0x11,0x11,0x11,0x11,0x11,0x11,0x11,0x11,0x11,0x11,0x11,0x11,0x18,0xE8,0x11,0x10,
  0x99,0x99,0x99,0x90,0x99,0x99,0x99,0x99,0x99,0x99,0x99,0xAA,0xAA,0xAA,0xAA,0xAA,
  0xAA,0x90,0x9A,0xAA,0xAA,0xAA,0xAA,0x00,0x09,0x99,0x99,0x00,0x01,0x10,0x00,0x00,
  0x09,0x99,0x99,0x0A,0xAA,0xA0,0x00,0x11,0x11,0x10,0x09,0x99,0x99,0x00,0x00,0x00,
  0x99,0x99,0x00,0x99,0x99,0x01,0x11,0x11,0x11,0x11,0x11,0x11,0x11,0x09,0x99,0x99,
  0x99,0x00,0x09,0x99,0x99,0x90,0x00,0x10,0x99,0x99,0x99,0x00,0x00,0x00,0x11,0x11,
  0x55,0x58,0x18,0x18,0x8B,0xDD,0xEE,0xEE,0xDD,0xDD,0xDD,0xEE,0xED,0xCD,0xDC,0xDD,
  0x00,0x00,0x00,0x00,0x00,0x00,0x00,0x00,0x00,0x00,0x00,0x00,0x00,0x00,0x00,0x00,
  0x00,0x00,0x00,0x00,0x00,0x00,0x00,0x00,0x00,0x00,0x00,0x00,0x00,0x00,0x00,0x00,
  0x00,0x00,0x00,0x00,0x00,0x00,0x00,0x00,0x00,0x00,0x00,0x00,0x00,0x00,0x00,0x00,
  0x00,0x00,0x00,0x00,0x00,0x00,0x00,0x00,0x00,0x00,0x00,0x00,0x00,0x80,0x00,0x00,
  0x99,0x99,0x99,0x99,0x09,0x99,0x99,0x99,0x99,0x99,0x99,0x99,0x99,0x99,0xAA,0xAA,
  0xAA,0x90,0x99,0x99,0x99,0xAA,0xAA,0xA0,0x00,0x9A,0xAA,0xA0,0x00,0x00,0x00,0x00,
  0x09,0xAA,0xAA,0xAA,0xAA,0xA0,0x00,0x00,0x00,0x00,0x0A,0xAA,0xA0,0x00,0x00,0x00,
  0xAA,0xAA,0x00,0xAA,0xAA,0x00,0x00,0x00,0x00,0x00,0x00,0x00,0x00,0x0A,0xAA,0xA9,
  0x90,0x00,0x00,0x00,0x09,0x90,0x00,0x00,0x99,0x99,0x99,0x00,0x09,0x99,0x00,0x01,
  0x15,0x11,0x81,0x81,0x8A,0xCD,0xEE,0xEE,0xED,0xDD,0xDD,0xEE,0xED,0xBD,0xDB,0xDE,
  0x00,0x00,0x00,0x00,0x00,0x00,0x00,0x00,0x00,0x00,0x00,0x00,0x00,0x00,0x00,0x00,
  0x00,0x00,0x00,0x00,0x00,0x00,0x00,0x00,0x00,0x00,0x00,0x00,0x00,0x00,0x00,0x00,
  0x00,0x00,0x00,0x00,0x00,0x00,0x00,0x00,0x00,0x01,0x11,0x11,0x11,0x11,0x11,0x11,
  0x11,0x11,0x11,0x11,0x11,0x11,0x11,0x11,0x11,0x10,0x00,0x00,0x00,0x00,0x00,0x00,
  0x99,0x99,0xAA,0xAA,0xA0,0x99,0xAA,0xAA,0xAA,0xAA,0xAA,0xAA,0xAA,0xAA,0xAA,0xA0,
  0x00,0x00,0x9A,0xAA,0xAA,0xAA,0xAA,0xAA,0x00,0xAA,0xAA,0xA0,0x00,0x00,0x00,0x00,
  0x00,0x99,0x99,0x9A,0xAA,0x00,0x00,0x08,0x00,0x00,0x0A,0xAA,0xA0,0x00,0x00,0x00,
  0x0A,0xAA,0x00,0xAA,0xAA,0x00,0x00,0x00,0x00,0x00,0x00,0x00,0x00,0x09,0x99,0x99,
  0x90,0x00,0x00,0x99,0x90,0x00,0x00,0x00,0x9A,0xAA,0xA0,0x00,0x99,0x99,0x99,0x90,
  0x01,0x18,0x18,0x18,0x88,0xBD,0xEE,0xEE,0xEE,0xDD,0xDD,0xEE,0xED,0xDB,0xBD,0xEE,
  0x11,0x11,0x11,0x11,0x11,0x11,0x11,0x11,0x11,0x11,0x11,0x11,0x11,0x11,0x11,0x11,
  0x11,0x11,0x11,0x11,0x11,0x11,0x11,0x11,0x11,0x11,0x11,0x11,0x11,0x11,0x11,0x11,
  0x11,0x11,0x11,0x11,0x11,0x11,0x11,0x11,0x10,0x13,0x44,0x44,0x44,0x44,0x44,0x44,
  0x44,0x44,0x44,0x44,0x44,0x44,0x44,0x44,0x44,0x30,0x11,0x11,0x11,0x11,0x11,0x10,
  0x99,0x99,0x99,0x99,0xAA,0x09,0x99,0x99,0x99,0x99,0x9A,0xAA,0xAA,0xAA,0xAA,0xA0,
  0x00,0x00,0x0A,0xAA,0xA0,0x0A,0xBB,0xBB,0xA0,0x0A,0xBB,0xA0,0x11,0x11,0x11,0x11,
  0x10,0x9A,0xAA,0xAA,0xA0,0x00,0x01,0x11,0x11,0x10,0x0B,0xBB,0xB0,0x11,0x11,0x10,
  0x0B,0xBB,0x00,0xBB,0xBB,0x00,0x00,0x01,0x11,0x11,0x11,0x11,0x10,0x0A,0xAA,0xAA,
  0x00,0x11,0x09,0xAA,0x99,0x90,0x10,0x09,0x99,0x99,0x90,0x00,0x99,0x99,0x99,0x99,
  0x90,0x01,0x81,0x81,0x88,0xAC,0xDE,0xEE,0xEE,0xDB,0xCC,0xDE,0xEE,0xDD,0xDD,0xEE,
  0x00,0x00,0x00,0x00,0x00,0x00,0x00,0x00,0x00,0x02,0x00,0x00,0x00,0x00,0x00,0x00,
  0x00,0x00,0x00,0x00,0x00,0x00,0x00,0x00,0x00,0x00,0x00,0x00,0x00,0x00,0x00,0x00,
  0x00,0x00,0x00,0x00,0x00,0x00,0x00,0x00,0x01,0x34,0x43,0x21,0x11,0x10,0x00,0x00,
  0x00,0x00,0x00,0x01,0x11,0x11,0x22,0x23,0x34,0x43,0x00,0x00,0x00,0x00,0x00,0x00,
  0xAA,0xAA,0xAA,0xAA,0xAA,0xA0,0x9A,0xAA,0xAA,0xAA,0xAA,0xA0,0x00,0x9A,0xAA,0xA9,
  0x00,0x00,0x0A,0xAA,0xA0,0x00,0xAA,0xAA,0xA0,0x0A,0xAA,0xAA,0x00,0x00,0x00,0x80,
  0x00,0x0A,0xBB,0xBB,0xB0,0x00,0x00,0x00,0x00,0x00,0x0A,0xAA,0xB0,0x00,0x00,0x00,
  0x0A,0xAA,0x00,0xAA,0xAA,0xAA,0xAA,0x00,0x00,0x08,0x00,0x00,0x00,0xAA,0xAA,0xAA,
  0x00,0x00,0x09,0xAA,0xA9,0x00,0x00,0x09,0xAA,0xAA,0x00,0x09,0x9A,0xAA,0xAA,0x99,
  0x99,0x90,0x08,0x18,0x18,0x8B,0xDD,0xEE,0xED,0xBC,0xDD,0xDD,0xEE,0xDD,0xDD,0xDD,
  0x11,0x11,0x11,0x11,0x11,0x11,0x11,0x11,0x11,0x11,0x11,0x11,0x11,0x11,0x11,0x11,
  0x11,0x11,0x11,0x11,0x11,0x11,0x11,0x11,0x11,0x11,0x11,0x11,0x11,0x11,0x11,0x11,
  0x11,0x11,0x11,0x11,0x11,0x11,0x11,0x10,0x13,0x44,0x44,0x44,0x44,0x44,0x44,0x44,
  0x44,0x44,0x44,0x44,0x44,0x44,0x44,0x44,0x44,0x44,0x01,0x11,0x11,0x11,0x11,0x10,
  0x99,0x99,0x00,0xAA,0xAA,0xAA,0x0A,0xAA,0xAA,0xAA,0xAA,0xA0,0x00,0x0A,0xBB,0xBA,
  0x01,0x10,0x09,0xBB,0xBB,0x01,0x0B,0xBB,0xBA,0x00,0xBB,0xBB,0x01,0x11,0x11,0x11,
  0x11,0x0A,0xAA,0xAA,0xBB,0x01,0x11,0x11,0x11,0x11,0x0B,0xBB,0xB0,0x11,0x11,0x10,
  0x0B,0xBB,0x00,0xBB,0xBB,0xBB,0xBB,0x01,0x11,0x11,0x11,0x11,0x10,0xBB,0xBB,0xBB,
  0x00,0xAA,0xAA,0xAA,0xA0,0x01,0x10,0x99,0x99,0xAA,0x00,0x09,0x99,0x99,0x99,0x99,
  0x99,0x99,0x90,0x81,0x81,0x8A,0xCD,0xDE,0xED,0xBD,0xDD,0xDD,0xDD,0xDD,0xDD,0xDD,
  0x11,0x81,0x11,0x11,0x11,0x11,0x11,0x11,0x11,0x11,0x11,0x11,0x11,0x10,0x00,0x00,
  0x00,0x00,0x00,0x00,0x00,0x00,0x00,0x00,0x00,0x00,0x00,0x00,0x00,0x00,0x00,0x00,
  0x00,0x00,0x00,0x00,0x00,0x00,0x00,0x01,0x34,0x43,0x21,0x11,0x11,0x11,0x10,0x00,
  0x00,0x00,0x11,0x11,0x11,0x12,0x22,0x23,0x34,0x44,0x01,0x11,0x11,0x11,0x11,0x10,
  0xAA,0xAA,0x00,0x0A,0xAA,0xAA,0x90,0x00,0x0A,0xAA,0xAA,0xA9,0x00,0x0A,0xAA,0xAA,
  0x01,0x10,0x09,0xAA,0xAA,0x01,0x0A,0xBB,0xBB,0x00,0xAB,0xBB,0xA0,0x11,0x11,0x11,
  0x11,0x0A,0xBB,0xBB,0xBB,0xB0,0x11,0x11,0x11,0x11,0x0A,0xBB,0xB0,0x11,0x11,0x10,
  0x0A,0xAB,0x00,0xAA,0xAA,0xBB,0xBA,0x01,0x11,0x11,0x11,0x11,0x00,0xAA,0xAA,0xAA,
  0x00,0xBB,0xBB,0xBB,0xB0,0x11,0x00,0xAA,0xAA,0xA0,0x00,0xAA,0xAA,0xAA,0xAA,0xAA,
  0xAA,0x99,0x90,0x18,0x18,0x18,0xAD,0xDE,0xED,0xBC,0xDD,0xDC,0xDD,0xDD,0xDB,0xBD,
  0x00,0x00,0x00,0x00,0x00,0x00,0x00,0x00,0x00,0x00,0x00,0x00,0x00,0x00,0x03,0x44,
  0x44,0x44,0x44,0x44,0x44,0x44,0x44,0x44,0x44,0x44,0x44,0x44,0x44,0x44,0x44,0x44,
  0x44,0x44,0x44,0x44,0x44,0x44,0x44,0x44,0x44,0x44,0x44,0x44,0x44,0x44,0x44,0x44,
  0x44,0x44,0x44,0x44,0x44,0x44,0x44,0x44,0x44,0x4E,0x00,0x80,0x00,0x00,0x00,0x00,
  0x09,0xAA,0x00,0x00,0xAA,0xAA,0xA0,0x00,0x00,0xAB,0xBB,0xBA,0x00,0x00,0xBB,0xBB,
  0x00,0x00,0x00,0xBB,0xBB,0xB0,0x00,0xBB,0xBB,0xA0,0x0B,0xBB,0xB0,0x00,0x00,0x00,
  0x00,0x09,0xCC,0xCC,0xCC,0xCB,0x00,0x00,0x00,0x00,0x0B,0xBB,0xB0,0x00,0x00,0x00,
  0x0B,0xBB,0x00,0xBB,0xBB,0xBB,0xA0,0x00,0x00,0x00,0x00,0x00,0x0A,0xBB,0xBB,0xB0,
  0x0A,0xAA,0xAA,0xAA,0xAA,0x00,0x0A,0xAA,0xAA,0xA0,0x09,0x99,0x99,0x00,0x09,0x99,
  0x99,0x99,0x00,0x11,0x81,0x88,0x8A,0xDD,0xED,0xCB,0xCD,0xDC,0xDD,0xDD,0xBC,0xCC,
  0x11,0x11,0x11,0x11,0x11,0x11,0x11,0x11,0x11,0x11,0x11,0x11,0x11,0x10,0x34,0x43,
  0x22,0x22,0x22,0x22,0x22,0x22,0x22,0x22,0x22,0x22,0x22,0x22,0x22,0x22,0x22,0x22,
  0x22,0x22,0x22,0x22,0x22,0x22,0x22,0x22,0x22,0x22,0x22,0x22,0x22,0x22,0x22,0x22,
  0x22,0x22,0x22,0x22,0x22,0x22,0x22,0x22,0x34,0x44,0x01,0x11,0x11,0x11,0x11,0x11,
  0x0A,0xAA,0xA0,0x10,0x0A,0xAA,0xAA,0x01,0x10,0xAA,0xAA,0xAA,0x01,0x10,0xAA,0xBB,
  0xA0,0x11,0x00,0xAA,0xAB,0xB0,0x10,0xAB,0xCC,0xB0,0x0A,0xCC,0xCB,0x01,0x11,0x11,
  0x11,0x10,0xBB,0xBB,0xBB,0xCC,0x00,0x11,0x11,0x11,0x0C,0xCC,0xC0,0x11,0x11,0x10,
  0x0C,0xCC,0x00,0xCC,0xCC,0x00,0x00,0x01,0x11,0x11,0x11,0x11,0x0B,0xBB,0xAA,0xA0,
  0x0A,0xBB,0xBB,0xBB,0xBB,0xA0,0x0B,0xBB,0xBB,0x00,0x0A,0xAA,0xA0,0x00,0x00,0x0A,
  0xAA,0xAA,0x00,0x18,0x18,0x18,0x88,0xBD,0xDD,0xDC,0xBB,0xCD,0xED,0xED,0xBC,0xDC,
  0x11,0x11,0x11,0x11,0x11,0x11,0x11,0x11,0x11,0x11,0x11,0x11,0x11,0x10,0x34,0x42,
  0x00,0x00,0x00,0x00,0x00,0x00,0x00,0x00,0x00,0x00,0x00,0x00,0x00,0x00,0x00,0x00,
  0x00,0x00,0x00,0x00,0x00,0x00,0x00,0x00,0x00,0x00,0x00,0x00,0x00,0x00,0x00,0x00,
  0x00,0x00,0x00,0x00,0x00,0x00,0x00,0x00,0x24,0x4E,0x01,0x11,0x11,0x11,0x11,0x11,
  0x0A,0xAB,0xB0,0x11,0x10,0xBB,0xBB,0xB0,0x11,0x0A,0xBB,0xBB,0xB0,0x11,0x0B,0xBB,
  0xB0,0x10,0xAA,0xAB,0xBB,0xBB,0x00,0x0B,0xBB,0xBA,0x00,0xBB,0xBB,0x01,0x11,0x11,
  0x00,0x00,0xCC,0xCC,0xAC,0xCC,0xB0,0x11,0x11,0x11,0x0B,0xBB,0xB0,0x01,0x11,0x10,
  0xAB,0xBB,0x00,0xBB,0xBB,0x00,0x00,0x11,0x11,0x11,0x11,0x11,0x0B,0xBB,0xBB,0xA0,
  0x10,0x0A,0xAA,0xBB,0xBA,0xAA,0xAA,0xAA,0xAA,0x00,0x99,0x99,0x90,0x01,0x11,0x00,
  0x0A,0xA0,0x01,0x11,0x81,0x81,0x88,0x8B,0xDD,0xDD,0xDD,0xDE,0xEE,0xED,0xDB,0xBD,
  0x11,0x11,0x11,0x11,0x11,0x18,0x11,0x11,0x11,0x11,0x11,0x11,0x11,0x10,0x34,0xE2,
  0x00,0x00,0x00,0x00,0x00,0x00,0x00,0x00,0x00,0x00,0x00,0x00,0x00,0x00,0x00,0x00,
  0x00,0x00,0x00,0x00,0x00,0x00,0x00,0x00,0x00,0x00,0x00,0x00,0x00,0x00,0x00,0x00,
  0x00,0x00,0x00,0x00,0x00,0x00,0x00,0x00,0x24,0x4E,0x01,0x11,0x11,0x11,0x81,0x11,
  0x10,0xAA,0xAA,0x01,0x11,0x0A,0xAA,0xAA,0x01,0x0A,0xAA,0xAA,0xB0,0x11,0x0B,0xBB,
  0xBA,0x00,0xAB,0xBB,0xBB,0xCC,0xCC,0xCC,0xCC,0xCB,0x00,0xBC,0xCC,0xB0,0x11,0x00,
  0xCC,0xC0,0xBC,0xCC,0x0C,0xCC,0xC0,0x01,0x11,0x11,0x0B,0xCC,0xCC,0x00,0x11,0x00,
  0xCC,0xCC,0x00,0xCC,0xCC,0x01,0x11,0x11,0x11,0x11,0x11,0x11,0x0C,0xCC,0xBB,0x00,
  0x11,0x0B,0xBB,0xBB,0x00,0xBB,0xBB,0xBB,0xB0,0x00,0xAA,0xAA,0x90,0x01,0x11,0x11,
  0x00,0x00,0x01,0x15,0x18,0x18,0x18,0x88,0xBD,0xDD,0xEE,0xEE,0xEE,0xEE,0xDD,0xDD,
  0x11,0x11,0x11,0x11,0x11,0x8E,0x81,0x11,0x11,0x11,0x11,0x11,0x11,0x10,0x34,0xE2,
  0xFF,0xFF,0xFF,0xF0,0x0F,0xFF,0xFF,0xF0,0x0F,0xFF,0xFF,0xF0,0xFF,0xFF,0xFF,0x00,
  0x0F,0xFF,0xFF,0xF0,0x00,0x00,0x00,0x00,0xFF,0xFF,0xFF,0xF0,0x0F,0xFF,0xFF,0xF0,
  0xFF,0x00,0x0F,0xF0,0xFF,0xFF,0xFF,0xF0,0x24,0x4E,0x01,0x11,0x11,0x11,0x11,0x11,
  0x10,0xAA,0xAA,0x01,0x11,0x10,0xAA,0xAA,0x01,0x10,0xAB,0xBB,0xBB,0x01,0x10,0xBB,
  0xBB,0x01,0x0B,0xBB,0xBB,0xBB,0xBB,0xBB,0xBB,0xBC,0xA0,0xAB,0xBB,0xBB,0x00,0xCD,
  0xDD,0xDA,0x0C,0xDD,0x0A,0xDD,0xDC,0x01,0x11,0x11,0x00,0xDD,0xDD,0xD0,0x00,0xCD,
  0xDD,0xD0,0x00,0xCC,0xCC,0x01,0x11,0x11,0x18,0x11,0x11,0x11,0x0B,0xBB,0xBA,0x01,
  0x10,0xBC,0xCC,0xBB,0x00,0x00,0xBB,0xBB,0xB0,0x0A,0xAA,0xAA,0xA9,0x00,0x11,0x11,
  0x11,0x00,0x11,0x51,0x51,0x81,0x85,0x88,0x8B,0xDD,0xDE,0xEE,0xEE,0xEE,0xEE,0xDD,
  0x11,0x11,0x11,0x11,0x11,0x18,0x11,0x11,0x11,0x11,0x11,0x11,0x11,0x10,0x34,0xE2,
  0xFF,0x00,0x00,0xF0,0x00,0x0F,0xF0,0x00,0x0F,0x00,0x0F,0xF0,0xF0,0x00,0xFF,0x00,
  0x00,0x0F,0xF0,0x00,0x00,0x00,0x00,0x00,0xF0,0x00,0x00,0xF0,0x0F,0x00,0x0F,0xF0,
  0xF0,0xF0,0xFF,0xF0,0xF0,0x00,0x00,0x00,0x24,0x4E,0x01,0x11,0x11,0x11,0x11,0x11,
  0x10,0xBB,0xBB,0xB0,0x11,0x00,0xBB,0xBB,0xB0,0x11,0x0B,0xBB,0xBB,0x01,0x10,0xBC,
  0xCC,0x01,0x0A,0xBB,0xCC,0xCC,0xCC,0xCD,0xDD,0xDD,0xC0,0x0B,0xCC,0xCC,0xCC,0xCC,
  0xCC,0xCC,0x0C,0xCC,0x00,0xCC,0xCD,0x00,0x11,0x11,0x10,0xDC,0xCC,0xCC,0xCC,0xCC,
  0xCD,0xB0,0x10,0xCD,0xDD,0x01,0x11,0x11,0x8E,0x81,0x11,0x10,0xCC,0xCC,0xC0,0x01,
  0x10,0xCB,0xBB,0xB0,0x01,0x10,0xBC,0xCC,0x00,0x0B,0xBB,0xBB,0xBA,0xA9,0x00,0x01,
  0x11,0x11,0x18,0x18,0x15,0x18,0x18,0x88,0x88,0xAC,0xDD,0xEE,0xEE,0xEE,0xEE,0xEE,
  0x11,0x11,0x11,0x11,0x11,0x11,0x11,0x11,0x11,0x11,0x11,0x11,0x11,0x10,0x34,0xE2,
  0xFF,0x00,0x00,0x00,0x00,0x0F,0xF0,0x00,0x0F,0x00,0x0F,0xF0,0xF0,0x00,0xFF,0x00,
  0x00,0x0F,0xF0,0x00,0x00,0x00,0x00,0x00,0xF0,0x00,0x00,0x00,0x0F,0x00,0x0F,0xF0,
  0xF0,0x0F,0x0F,0xF0,0xF0,0x00,0x00,0x00,0x24,0x4E,0x01,0x11,0x11,0x11,0x11,0x11,
  0x11,0x0A,0xAA,0xA0,0x00,0xAA,0xAA,0xAA,0xAA,0x01,0x10,0xBB,0xCC,0xC0,0x11,0x0B,
  0xBB,0xB0,0x10,0xBB,0xBB,0xBB,0xBC,0x00,0xCC,0xCC,0xC0,0x0B,0xCC,0xDD,0xDD,0xDD,
  0xDD,0xDB,0x0D,0xDD,0xC0,0xAD,0xDD,0xD0,0x11,0x81,0x10,0x0D,0xDD,0xDD,0xDD,0xDD,
  0xDB,0x00,0x10,0xDD,0xDD,0x01,0x11,0x11,0x18,0x11,0x11,0x10,0xDD,0xCC,0xC0,0x11,
  0x0C,0xCC,0xCC,0xC0,0x01,0x0B,0xBB,0xBB,0x00,0xAA,0xAA,0xAA,0xAA,0xAA,0xAA,0x90,
  0x00,0x11,0x51,0x81,0x81,0x51,0x81,0x88,0x88,0x88,0xBC,0xDD,0xDE,0xEE,0xEE,0xEE,
  0x11,0x11,0x11,0x11,0x11,0x11,0x11,0x11,0x11,0x11,0x11,0x11,0x11,0x10,0x34,0xE2,
  0xFF,0xFF,0xFF,0xF0,0x00,0x0F,0xF0,0x00,0xFF,0xFF,0xFF,0xF0,0xFF,0xFF,0xFF,0xF0,
  0x00,0x0F,0xF0,0x00,0x00,0x00,0x00,0x00,0xF0,0x0F,0xFF,0xF0,0xFF,0xFF,0xFF,0xF0,
  0xF0,0x00,0x0F,0xF0,0xFF,0xFF,0xFF,0xF0,0x24,0x4E,0x01,0x11,0x11,0x11,0x11,0x11,
  0x11,0x0B,0xBB,0xBB,0xBB,0xBB,0xBB,0xBB,0xBB,0xA0,0x10,0xAB,0xBB,0xB0,0x11,0x0C,
  0xCC,0xC0,0x10,0x00,0xBC,0xCC,0xDD,0x00,0x0C,0xDD,0xDA,0x00,0xCC,0xCC,0xCD,0xDD,
  0xDD,0xCB,0x0D,0xDD,0xD0,0x0D,0xDD,0xD0,0x11,0x11,0x11,0x00,0xDD,0xDD,0xDD,0xDD,
  0xB0,0x01,0x10,0xDD,0xDD,0x01,0x11,0x11,0x11,0x11,0x11,0x10,0xDD,0xDD,0xD0,0x11,
  0x0C,0xCC,0xCC,0x00,0x11,0x0C,0xCC,0xC0,0x00,0xBB,0xBB,0xB0,0x0A,0xBB,0xBB,0xBA,
  0x90,0x11,0x15,0x18,0x18,0x15,0x18,0x18,0x18,0x88,0x88,0xBC,0xDD,0xDD,0xEE,0xED,
  0x55,0x55,0x55,0x55,0x55,0x55,0x55,0x55,0x55,0x55,0x55,0x55,0x50,0x00,0x34,0xE2,
  0x00,0x00,0x00,0xF0,0x00,0x0F,0xF0,0x00,0xF0,0x00,0x0F,0xF0,0xFF,0x00,0x0F,0xF0,
  0x00,0x0F,0xF0,0x00,0x00,0x00,0x00,0x00,0xF0,0x00,0x0F,0xF0,0xF0,0x00,0x0F,0xF0,
  0xF0,0x00,0x0F,0xF0,0xFF,0x00,0x00,0x00,0x24,0x4E,0x05,0x55,0x55,0x55,0x55,0x55,
  0x55,0x10,0xAA,0xAA,0xAB,0xBB,0xBB,0xBB,0xBB,0xB0,0x11,0x0B,0xCC,0xCC,0x01,0x10,
  0xBB,0xCB,0x01,0x10,0xCC,0xCC,0xCC,0x01,0x10,0xCC,0xCC,0x00,0xCD,0xDD,0xDD,0xDD,
  0xDC,0xA0,0x00,0x00,0x00,0x00,0x00,0x00,0x55,0x55,0x55,0x50,0x00,0x00,0x00,0x00,
  0x00,0x15,0x50,0x00,0x00,0x05,0x55,0x55,0x55,0x55,0x55,0x50,0x0C,0xDD,0xD0,0x10,
  0xDD,0xDD,0xCC,0x00,0x10,0xBB,0xBC,0xC0,0x0B,0xBB,0xBB,0xA0,0x00,0x0A,0xAB,0xBA,
  0xA0,0x55,0x55,0x55,0x85,0x85,0x85,0x85,0x85,0x85,0x88,0x88,0xAB,0xCC,0xDD,0xDD,
  0x11,0x11,0x11,0x11,0x11,0x11,0x11,0x11,0x11,0x11,0x11,0x10,0x04,0x40,0x34,0xE2,
  0xFF,0x00,0x00,0xF0,0x00,0x0F,0xF0,0x00,0xF0,0x00,0x0F,0xF0,0xFF,0x00,0x0F,0xF0,
  0x00,0x0F,0xF0,0x00,0x00,0x00,0x00,0x00,0xF0,0x00,0x0F,0xF0,0xF0,0x00,0x0F,0xF0,
  0xF0,0x00,0x0F,0xF0,0xFF,0x00,0x00,0x00,0x24,0x4E,0x01,0x11,0x11,0x11,0x11,0x18,
  0x11,0x10,0xBB,0xBB,0xBB,0xBC,0xCC,0xCC,0xCC,0xCB,0x01,0x10,0xBB,0xCC,0x01,0x10,
  0xCC,0xCC,0x01,0x11,0x0C,0xDD,0xDD,0xD0,0x10,0xDD,0xDD,0x00,0x0C,0xDD,0xDC,0xCB,
  0xA0,0x00,0x01,0x00,0x00,0x10,0x00,0x00,0x11,0x11,0x11,0x11,0x10,0x00,0x00,0x00,
  0x01,0x11,0x11,0x00,0x00,0x01,0x11,0x11,0x11,0x11,0x11,0x11,0x00,0x00,0x00,0x10,
  0xDD,0xDD,0xD0,0x01,0x10,0xCC,0xCC,0x00,0x0B,0xCC,0xCB,0x00,0x11,0x00,0x0A,0xBB,
  0x00,0x11,0x11,0x11,0x11,0x18,0x18,0x18,0x18,0x58,0x58,0x88,0x88,0xAA,0xAA,0x99,
  0x11,0x11,0x11,0x11,0x11,0x11,0x11,0x11,0x11,0x11,0x11,0x03,0x1E,0xE0,0x34,0xE2,
  0xFF,0xFF,0xFF,0xF0,0x00,0x0F,0xF0,0x00,0xF0,0x00,0x0F,0xF0,0xFF,0x00,0x0F,0xF0,
  0x00,0x0F,0xF0,0x00,0x00,0x00,0x00,0x00,0xFF,0xFF,0xFF,0xF0,0xF0,0x00,0x0F,0xF0,
  0xF0,0x00,0x0F,0xF0,0xFF,0xFF,0xFF,0xF0,0x24,0x4E,0x01,0x11,0x11,0x11,0x11,0x11,
  0x11,0x11,0x0B,0xBB,0xBB,0xBB,0xBC,0xBC,0xCC,0xCC,0xB0,0x10,0xCC,0xCC,0xC0,0x11,
  0x0C,0xCC,0xB0,0x11,0x0C,0xCC,0xCC,0xC0,0x10,0xCD,0xDD,0x00,0x00,0x00,0x00,0x00,
  0x00,0x00,0x11,0x11,0x11,0x11,0x11,0x11,0x11,0x11,0x11,0x11,0x11,0x11,0x11,0x11,
  0x11,0x11,0x11,0x11,0x11,0x11,0x11,0x11,0x11,0x11,0x81,0x11,0x11,0x00,0x01,0x10,
  0x00,0xCD,0xD0,0x01,0x0D,0xDD,0xCC,0x00,0xBB,0xBB,0xCA,0x00,0x11,0x11,0x00,0x0A,
  0x00,0x11,0x11,0x31,0x11,0x11,0x11,0x34,0x44,0x43,0x35,0x85,0x88,0x88,0x88,0x88,
  0x55,0x55,0x55,0x55,0x55,0x55,0x55,0x55,0x55,0x55,0x50,0x33,0x1E,0xE0,0x34,0xE2,
  0x00,0x00,0x00,0x00,0x00,0x00,0x00,0x00,0x00,0x00,0x00,0x00,0x00,0x00,0x00,0x00,
  0x00,0x00,0x00,0x00,0x00,0x00,0x00,0x00,0x00,0x00,0x00,0x00,0x00,0x00,0x00,0x00,
  0x00,0x00,0x00,0x00,0x00,0x00,0x00,0x00,0x24,0x4E,0x05,0x55,0x55,0x55,0x55,0x55,
  0x55,0x10,0x0B,0xBC,0xCC,0xCC,0xCC,0xCC,0xCC,0xCC,0xCA,0x11,0x0C,0xCC,0xC0,0x11,
  0x0C,0xDD,0xD0,0x55,0x50,0xDD,0xDD,0xDC,0x00,0x0D,0xDC,0x00,0x10,0x00,0x00,0x00,
  0x05,0x55,0x55,0x55,0x55,0x55,0x55,0x55,0x55,0x55,0x55,0x55,0x55,0x55,0x55,0x55,
  0x55,0x55,0x55,0x55,0x55,0x55,0x55,0x55,0x55,0x55,0x55,0x55,0x55,0x55,0x55,0x55,
  0x00,0x00,0x00,0x55,0x0D,0xDD,0xD0,0x00,0xCC,0xCC,0xCC,0x00,0x05,0x55,0x55,0x00,
  0x05,0x55,0x55,0x55,0x55,0x55,0x53,0x33,0xE4,0x44,0x43,0x58,0x58,0x58,0x58,0x88,
  0x11,0x11,0x11,0x11,0x11,0x11,0x11,0x11,0x10,0x00,0x00,0xE4,0x14,0x40,0x34,0xE2,
  0xFF,0xFF,0xFF,0xF0,0xFF,0xFF,0xFF,0xF0,0x0F,0x00,0x00,0x00,0xFF,0xFF,0xFF,0xF0,
  0xFF,0xFF,0xFF,0xF0,0x0F,0xFF,0xFF,0xF0,0x00,0x00,0x00,0x00,0xFF,0x00,0x0F,0xF0,
  0x0F,0xFF,0xFF,0xF0,0xFF,0xFF,0xFF,0xF0,0x24,0x4E,0x01,0x11,0x11,0x11,0x11,0x11,
  0x10,0x0A,0xBB,0xBB,0xBB,0xCB,0xCC,0xBA,0xAC,0xCC,0xCB,0x01,0x0C,0xCD,0xDD,0x01,
  0x10,0xCC,0xCB,0x01,0x10,0xDD,0xDD,0xDD,0x01,0x00,0x00,0x00,0x11,0x11,0x11,0x11,
  0x11,0x11,0x11,0x11,0x11,0x10,0x00,0x00,0x00,0x11,0x10,0x00,0x00,0x00,0x00,0x00,
  0x00,0x01,0x11,0x00,0x00,0x00,0x00,0x11,0x11,0x11,0x11,0x11,0x11,0x11,0x11,0x11,
  0x11,0x10,0x00,0x11,0x00,0xDD,0xD0,0x0C,0xDD,0xDD,0xDC,0xCC,0xB0,0x00,0x11,0x11,
  0x11,0x11,0x11,0x11,0x11,0x11,0x33,0x33,0x3E,0xEE,0xEE,0x41,0x81,0x85,0x85,0x88,
  0x55,0x55,0x55,0x55,0x55,0x55,0x00,0x00,0x01,0x33,0x30,0xE4,0x14,0x40,0x34,0xE2,
  0xFF,0x00,0x00,0xF0,0xF0,0x00,0x00,0x00,0x0F,0x00,0x00,0x00,0xF0,0x00,0x00,0x00,
  0xF0,0x00,0x0F,0xF0,0x00,0x0F,0xF0,0x00,0x00,0x00,0x00,0x00,0xF0,0xF0,0xFF,0xF0,
  0x0F,0x00,0x0F,0xF0,0xF0,0x00,0x00,0xF0,0x24,0x4E,0x05,0x57,0x55,0x55,0x55,0x55,
  0x50,0xAB,0xBC,0xCC,0xCC,0xCC,0xCB,0x00,0x0A,0xCC,0xCC,0xA0,0x10,0xCC,0xCC,0x01,
  0x10,0xCD,0xDD,0x05,0x55,0x0B,0xBB,0xBB,0x05,0x50,0x00,0x55,0x55,0x55,0x55,0x55,
  0x55,0x55,0x50,0x00,0x00,0x02,0x88,0x88,0x88,0x05,0x02,0x88,0x88,0x88,0x88,0x88,
  0x88,0x20,0x10,0x28,0x88,0x88,0x82,0x00,0x00,0x15,0x00,0x00,0x00,0x00,0x55,0x55,
  0x55,0x55,0x55,0x55,0x00,0x0D,0xD0,0x0D,0xDC,0xCC,0xCC,0xCC,0xCC,0xCB,0x00,0x55,
  0x55,0x55,0x55,0x55,0x55,0x53,0x33,0x33,0x33,0xEE,0xEE,0xE4,0x58,0x58,0x58,0x88,
  0x55,0x55,0x55,0x55,0x50,0x00,0x33,0x33,0x03,0xEE,0x40,0x43,0x03,0x30,0x34,0xE2,
  0xFF,0x00,0x00,0x00,0xF0,0x00,0x00,0x00,0x0F,0x00,0x00,0x00,0xF0,0x00,0x00,0x00,
  0xF0,0x00,0x0F,0xF0,0x00,0x0F,0xF0,0x00,0x00,0x00,0x00,0x00,0xF0,0x0F,0x0F,0xF0,
  0x0F,0x00,0x0F,0xF0,0xF0,0x00,0x00,0xF0,0x24,0x4E,0x05,0x55,0x55,0x55,0x55,0x55,
  0x50,0xAB,0xBB,0xCC,0xCC,0xCC,0xCA,0x00,0x00,0xAC,0xCC,0xB0,0x10,0xCD,0xDD,0xC0,
  0x11,0x0D,0xDD,0xB0,0x55,0x50,0x00,0x00,0x05,0x55,0x55,0x55,0x55,0x55,0x10,0x00,
  0x00,0x55,0x02,0x88,0x88,0x88,0x88,0x88,0x88,0x05,0x08,0x88,0x88,0x88,0x88,0x88,
  0x88,0x80,0x50,0x88,0x88,0x88,0x88,0x88,0x82,0x05,0x08,0x88,0x88,0x88,0x00,0x00,
  0x55,0x55,0x55,0x55,0x50,0x00,0x00,0x0D,0xDD,0xDD,0xDD,0xDC,0xCC,0xCC,0xCB,0x05,
  0x55,0x55,0x55,0x55,0x55,0x33,0x33,0x33,0x33,0x4E,0xEE,0xEE,0x45,0x55,0x85,0x85,
  0x11,0x11,0x11,0x01,0x33,0x30,0x4E,0x44,0x03,0x44,0x41,0x33,0x03,0x30,0x34,0xE2,
  0xFF,0xFF,0xFF,0xF0,0xFF,0xFF,0xFF,0xF0,0xFF,0x00,0x00,0x00,0xFF,0xFF,0xFF,0xF0,
  0xF0,0x00,0x00,0x00,0x00,0x0F,0xF0,0x00,0x00,0x00,0x00,0x00,0xF0,0x00,0x0F,0xF0,
  0xFF,0xFF,0xFF,0xF0,0xFF,0xFF,0xFF,0xF0,0x24,0x4E,0x01,0x11,0x11,0x11,0x11,0x11,
  0x11,0x0A,0xCC,0xCA,0xCC,0xCC,0xCB,0x01,0x11,0x0C,0xCC,0xCB,0x01,0x0D,0xDD,0xD0,
  0x11,0x0C,0xDD,0xC0,0x11,0x11,0x00,0x00,0x11,0x11,0x11,0x11,0x00,0x00,0x02,0x88,
  0x88,0x01,0x08,0x88,0x88,0x88,0x80,0x00,0x00,0x05,0x08,0x88,0x20,0x00,0x00,0x00,
  0x28,0x80,0x50,0x88,0x20,0x00,0x00,0x88,0x88,0x05,0x08,0x88,0x88,0x88,0x88,0x82,
  0x00,0x01,0x11,0x11,0x11,0x00,0x01,0x00,0x00,0xBD,0xDD,0xDD,0xDC,0xCC,0xCC,0x01,
  0x11,0x11,0x11,0x11,0x13,0x33,0x33,0x33,0x33,0x3E,0xEE,0xEE,0xE1,0x15,0x58,0x58,
  0x55,0x55,0x00,0x13,0x4E,0x40,0x44,0x33,0x12,0x33,0x31,0x22,0x02,0x20,0x34,0xE2,
  0x00,0x00,0x00,0xF0,0xFF,0x00,0x00,0x00,0xFF,0x00,0x00,0x00,0xFF,0x00,0x00,0x00,
  0xF0,0x00,0x00,0xF0,0x00,0x0F,0xF0,0x00,0x00,0x00,0x00,0x00,0xF0,0x00,0x0F,0xF0,
  0xF0,0x00,0x0F,0xF0,0xFF,0x00,0x00,0x00,0x24,0x4E,0x05,0x55,0x55,0x55,0x55,0x55,
  0x55,0x50,0xBB,0xB0,0xCD,0xDD,0xDC,0xB0,0x15,0x50,0xDD,0xDD,0x01,0x0C,0xDD,0xDC,
  0x05,0x50,0xBB,0xB0,0x55,0x55,0x55,0x55,0x55,0x55,0x00,0x00,0x28,0x88,0x88,0x88,
  0x88,0x05,0x00,0x00,0x00,0x08,0x80,0x11,0x11,0x11,0x06,0x88,0x01,0x11,0x11,0x11,
  0x02,0x80,0x10,0x88,0x01,0x11,0x11,0x00,0x28,0x01,0x00,0x00,0x00,0x88,0x88,0x88,
  0x88,0x80,0x55,0x55,0x55,0x55,0x55,0x11,0x00,0x00,0x00,0xBD,0xDD,0xDD,0xDC,0x05,
  0x55,0x55,0x55,0x55,0x54,0x33,0x33,0x33,0x33,0x34,0xEE,0xEE,0xE3,0x55,0x55,0x55,
  0x55,0x13,0x43,0x13,0x43,0x20,0x13,0x22,0x21,0x22,0x21,0x22,0x02,0x20,0x34,0xE2,
  0xFF,0x00,0x00,0xF0,0xFF,0x00,0x00,0x00,0xFF,0x00,0x00,0x00,0xFF,0x00,0x00,0x00,
  0xF0,0x00,0x00,0xF0,0x00,0x0F,0xF0,0x00,0x00,0x00,0x00,0x00,0xF0,0x00,0x0F,0xF0,
  0xF0,0x00,0x0F,0xF0,0xFF,0x00,0x00,0x00,0x24,0x4E,0x05,0x55,0x55,0x55,0x55,0x55,
  0x55,0x55,0x00,0x00,0xBC,0xCC,0xCC,0xC0,0x15,0x50,0xCC,0xCC,0xC0,0x10,0xCD,0xDD,
  0x05,0x55,0x00,0x00,0x55,0x55,0x55,0x55,0x55,0x50,0x28,0x88,0x88,0x88,0x88,0x00,
  0x00,0x05,0x55,0x55,0x55,0x06,0x60,0x55,0x55,0x55,0x06,0x66,0x05,0x55,0x55,0x55,
  0x50,0x00,0x50,0x66,0x05,0x55,0x55,0x55,0x06,0x05,0x55,0x55,0x50,0x68,0x00,0x88,
  0x88,0x80,0x50,0x00,0x01,0x55,0x55,0x55,0x55,0x11,0x00,0x00,0x00,0xBD,0xDB,0x05,
  0x55,0x55,0x55,0x55,0x55,0x43,0x32,0x33,0x33,0x33,0xE4,0x44,0x44,0x55,0x55,0x55,
  0x11,0x34,0x43,0x02,0x22,0x22,0x02,0x22,0x21,0x33,0x30,0x32,0x02,0x20,0x34,0xE2,
  0xFF,0xFF,0xFF,0xF0,0xFF,0xFF,0xFF,0xF0,0xFF,0xFF,0xFF,0xF0,0xFF,0xFF,0xFF,0xF0,
  0xFF,0xFF,0xFF,0xF0,0x00,0x0F,0xF0,0x00,0x00,0x00,0x00,0x00,0xF0,0x00,0x0F,0xF0,
  0xF0,0x00,0x0F,0xF0,0xFF,0x00,0x00,0x00,0x24,0x4E,0x15,0x55,0x55,0x55,0x55,0x55,
  0x55,0x55,0x55,0x55,0x0C,0xDD,0xDD,0xDB,0x05,0x55,0x0D,0xDD,0xDB,0x00,0x0A,0xBC,
  0xC0,0x55,0x55,0x55,0x55,0x00,0x00,0x00,0x01,0x50,0x88,0x88,0x88,0x00,0x00,0x15,
  0x55,0x55,0x55,0x55,0x55,0x06,0x60,0x55,0x55,0x55,0x06,0x66,0x05,0x55,0x55,0x55,
  0x55,0x55,0x50,0x66,0x05,0x55,0x55,0x55,0x06,0x05,0x55,0x55,0x50,0x66,0x01,0x00,
  0x08,0x80,0x50,0x88,0x80,0x00,0x55,0x55,0x55,0x55,0x55,0x10,0x00,0x00,0x00,0x05,
  0x55,0x55,0x55,0x55,0x55,0x54,0x33,0x23,0x33,0x33,0xE3,0x33,0x34,0x55,0x55,0x55,
  0x21,0x34,0x32,0x02,0x23,0x32,0x03,0x33,0x11,0x00,0x00,0x43,0x03,0x30,0x34,0xE2,
  0x00,0x00,0x00,0x00,0x00,0x00,0x00,0x00,0x00,0x00,0x00,0x00,0x00,0x00,0x00,0x00,
  0x00,0x00,0x00,0x00,0x00,0x00,0x00,0x00,0x00,0x00,0x00,0x00,0x00,0x00,0x00,0x00,
  0x00,0x00,0x00,0x00,0x00,0x00,0x00,0x00,0x24,0x4E,0x11,0x11,0x11,0x11,0x11,0x11,
  0x11,0x11,0x11,0x11,0x10,0xCC,0xCC,0xCC,0x01,0x11,0x10,0xDD,0xDD,0xB0,0x00,0x00,
  0x00,0x01,0x11,0x10,0x00,0x28,0x88,0x88,0x20,0x10,0x88,0x80,0x00,0x11,0x11,0x11,
  0x11,0x11,0x11,0x11,0x11,0x06,0x60,0x11,0x11,0x11,0x06,0x66,0x20,0x00,0x00,0x00,
  0x00,0x01,0x10,0x66,0x01,0x11,0x11,0x11,0x02,0x01,0x11,0x11,0x10,0x66,0x01,0x11,
  0x10,0x01,0x10,0x88,0x88,0x88,0x00,0x01,0x11,0x11,0x11,0x11,0x11,0x00,0x00,0x11,
  0x11,0x11,0x17,0x11,0x11,0x14,0x33,0x32,0x33,0x33,0xE3,0x33,0x34,0x11,0x11,0x11,
  0x31,0x33,0x22,0x21,0x33,0x21,0x00,0x01,0x15,0x55,0x50,0x33,0x14,0x40,0x34,0x42,
  0xFF,0xFF,0xFF,0x00,0x0F,0xFF,0xFF,0xF0,0xFF,0xFF,0xFF,0xF0,0xFF,0xFF,0xFF,0xF0,
  0x0F,0xFF,0xFF,0xF0,0xFF,0xFF,0xFF,0xF0,0xF0,0x00,0x0F,0xF0,0x0F,0x00,0x00,0x00,
  0x0F,0xFF,0xFF,0xF0,0x0F,0x00,0x0F,0xF0,0x24,0x4E,0x15,0x55,0x55,0x55,0x55,0x55,
  0x55,0x55,0x55,0x55,0x50,0xCD,0xDD,0xDD,0x00,0x55,0x50,0xDD,0xDD,0xC0,0x50,0x00,
  0x00,0x55,0x50,0x02,0x88,0x88,0x88,0x88,0x80,0x50,0x66,0x05,0x55,0x55,0x55,0x55,
  0x55,0x55,0x55,0x55,0x55,0x06,0x60,0x55,0x55,0x55,0x06,0x66,0x67,0x77,0x77,0x77,
  0x77,0x20,0x50,0x77,0x60,0x55,0x55,0x55,0x50,0x05,0x55,0x55,0x50,0x66,0x05,0x55,
  0x55,0x55,0x50,0x00,0x08,0x88,0x88,0x80,0x03,0x33,0x45,0x55,0x55,0x55,0x55,0x55,
  0x55,0x55,0x55,0x55,0x55,0x55,0x43,0x23,0x23,0x33,0xE3,0x33,0x34,0x55,0x55,0x55,
  0x32,0x12,0x23,0x20,0x00,0x15,0x55,0x55,0x55,0x55,0x55,0x03,0x14,0x40,0x34,0xE2,
  0xF0,0x00,0x0F,0x00,0x00,0x0F,0x00,0x00,0xF0,0x00,0x00,0x00,0xF0,0x00,0x00,0x00,
  0x00,0x0F,0x00,0x00,0xF0,0x00,0x0F,0xF0,0xF0,0x00,0x0F,0xF0,0x0F,0x00,0x00,0x00,
  0x00,0x0F,0xF0,0x00,0x0F,0x00,0x0F,0xF0,0x24,0x44,0x15,0x55,0x55,0x55,0x55,0x55,
  0x55,0x55,0x55,0x55,0x55,0x0D,0xDD,0xDD,0xB0,0x55,0x55,0x0D,0xDD,0xDB,0x05,0x55,
  0x55,0x55,0x08,0x88,0x88,0x20,0x00,0x06,0x60,0x50,0x66,0x05,0x55,0x55,0x55,0x55,
  0x55,0x55,0x55,0x55,0x55,0x07,0x60,0x55,0x55,0x55,0x02,0x66,0x66,0x77,0x77,0x77,
  0x77,0x70,0x50,0x77,0x76,0x05,0x55,0x55,0x55,0x55,0x55,0x55,0x50,0x76,0x05,0x55,
  0x55,0x55,0x55,0x55,0x50,0x88,0x88,0x88,0x80,0x33,0x34,0x55,0x55,0x55,0x55,0x55,
  0x55,0x55,0x55,0x55,0x55,0x55,0x43,0x32,0x33,0x33,0xE3,0x22,0x34,0x55,0x55,0x55,
  0x22,0x12,0x30,0x05,0x55,0x55,0x55,0x55,0x55,0x55,0x55,0x50,0x13,0x30,0x34,0xE2,
  0xF0,0x00,0x0F,0x00,0x00,0x0F,0x00,0x00,0xF0,0x00,0x00,0x00,0xF0,0x00,0x00,0x00,
  0x00,0x0F,0x00,0x00,0xF0,0x00,0x0F,0xF0,0xF0,0x00,0x0F,0xF0,0x0F,0x00,0x00,0x00,
  0x00,0x0F,0xF0,0x00,0x0F,0x00,0x0F,0xF0,0x24,0x4E,0x15,0x55,0x55,0x55,0x55,0x55,
  0x55,0x55,0x55,0x55,0x55,0x0C,0xDD,0xDD,0xC0,0x05,0x55,0x0C,0xDD,0xDD,0xB0,0x55,
  0x55,0x55,0x08,0x82,0x00,0x05,0x55,0x16,0x60,0x50,0x66,0x05,0x55,0x00,0x00,0x00,
  0x55,0x55,0x55,0x55,0x55,0x07,0x76,0x05,0x55,0x55,0x50,0x00,0x00,0x00,0x00,0x07,
  0x77,0x70,0x50,0x77,0x77,0x05,0x55,0x55,0x55,0x55,0x55,0x55,0x50,0x77,0x60,0x55,
  0x55,0x55,0x55,0x55,0x50,0x68,0x00,0x88,0x80,0x33,0x33,0x45,0x55,0x55,0x35,0x55,
  0x55,0x55,0x55,0x55,0x55,0x55,0x43,0x23,0x23,0x33,0x42,0x22,0x34,0x55,0x55,0x55,
  0x23,0x10,0x05,0x55,0x55,0x55,0x55,0x55,0x55,0x55,0x53,0x55,0x00,0x01,0x34,0x42,
  0xFF,0x00,0x0F,0xF0,0x00,0x0F,0xF0,0x00,0xFF,0xFF,0xFF,0xF0,0xFF,0xFF,0xFF,0xF0,
  0x00,0x0F,0xF0,0x00,0xF0,0x00,0x00,0x00,0xF0,0x00,0x0F,0xF0,0xFF,0x00,0x00,0x00,
  0x00,0x0F,0xF0,0x00,0x0F,0xFF,0xFF,0xF0,0x24,0x4E,0x15,0x55,0x55,0x55,0x55,0x55,
  0x55,0x55,0x55,0x55,0x55,0x50,0xDD,0xDD,0xC0,0x05,0x55,0x50,0xDD,0xDD,0xC0,0x55,
  0x55,0x55,0x08,0x80,0x55,0x55,0x55,0x16,0x60,0x50,0x66,0x00,0x00,0x26,0x77,0x70,
  0x55,0x55,0x55,0x55,0x55,0x07,0x77,0x60,0x55,0x55,0x55,0x55,0x55,0x55,0x55,0x04,
  0x44,0x40,0x50,0x74,0x44,0x05,0x55,0x55,0x55,0x55,0x53,0x55,0x50,0x77,0x78,0x05,
  0x55,0x55,0x55,0x55,0x50,0x68,0x05,0x00,0x03,0x43,0x33,0x34,0x55,0x55,0x55,0x55,
  0x55,0x55,0x55,0x55,0x55,0x55,0x43,0x32,0x33,0x33,0x42,0x22,0x34,0x55,0x55,0x55,
  0x10,0x01,0x55,0x55,0x55,0x55,0x55,0x55,0x55,0x55,0x55,0x55,0x55,0x50,0x34,0xE2,
  0xFF,0x00,0x0F,0xF0,0x00,0x0F,0xF0,0x00,0xFF,0x00,0x00,0x00,0xFF,0x00,0x00,0x00,
  0x00,0x0F,0xF0,0x00,0xF0,0x00,0x00,0xF0,0xF0,0x00,0x0F,0xF0,0xFF,0x00,0x00,0x00,
  0x00,0x0F,0xF0,0x00,0x00,0x0F,0xF0,0x00,0x24,0x44,0x15,0x55,0x55,0x55,0x75,0x55,
  0x55,0x55,0x85,0x55,0x55,0x50,0x00,0x00,0x00,0x05,0x55,0x50,0xCD,0xDD,0xDC,0x05,
  0x55,0x55,0x06,0x60,0x55,0x55,0x55,0x16,0x60,0x50,0x66,0x22,0x67,0x77,0x77,0x60,
  0x55,0x53,0x55,0x55,0x55,0x07,0x77,0x70,0x55,0x85,0x55,0x55,0x55,0x55,0x55,0x04,
  0x44,0x40,0x50,0x44,0x44,0x05,0x55,0x55,0x55,0x55,0x55,0x55,0x50,0x47,0x76,0x05,
  0x55,0x55,0x55,0x55,0x50,0x66,0x05,0x22,0x22,0x3E,0xEE,0xEE,0x55,0x55,0x55,0x55,
  0x55,0x55,0x55,0x55,0x55,0x54,0x33,0x23,0x33,0x34,0x32,0x22,0x35,0x55,0x55,0x55,
  0x05,0x55,0x55,0x55,0x55,0x55,0x55,0x55,0x55,0x55,0x55,0x55,0x55,0x51,0x34,0x42,
  0xFF,0x00,0x0F,0xF0,0x00,0x0F,0xF0,0x00,0xFF,0x00,0x00,0x00,0xFF,0x00,0x00,0x00,
  0x00,0x0F,0xF0,0x00,0xF0,0x00,0x00,0xF0,0xF0,0x00,0x0F,0xF0,0xFF,0x00,0x00,0x00,
  0x00,0x0F,0xF0,0x00,0x00,0x0F,0xF0,0x00,0x24,0x4E,0x15,0x55,0x55,0x55,0x55,0x55,
  0x55,0x58,0xE8,0x55,0x55,0x55,0x50,0x00,0x00,0x05,0x55,0x55,0x0D,0xDD,0xDC,0x05,
  0x55,0x55,0x06,0x60,0x55,0x51,0x11,0x66,0x70,0x50,0x77,0x77,0x77,0x76,0x00,0x05,
  0x55,0x55,0x55,0x55,0x55,0x07,0x44,0x40,0x55,0x55,0x50,0x00,0x00,0x55,0x55,0x04,
  0x44,0x40,0x50,0x44,0x44,0x05,0x55,0x55,0x50,0x05,0x55,0x55,0x50,0x44,0x77,0x05,
  0x55,0x55,0x55,0x55,0x50,0x76,0x05,0x22,0x22,0x34,0x33,0x45,0x55,0x55,0x55,0x55,
  0x55,0x55,0x55,0x55,0x55,0x54,0x33,0x33,0x33,0x34,0x22,0x23,0x35,0x55,0x55,0x55,
  0x55,0x55,0x55,0x55,0x55,0x58,0x55,0x55,0x55,0x55,0x55,0x55,0x55,0x51,0x34,0x42,
  0xFF,0xFF,0xFF,0xF0,0x0F,0xFF,0xFF,0xF0,0xFF,0x00,0x00,0x00,0xFF,0x00,0x00,0x00,
  0x0F,0xFF,0xFF,0xF0,0xFF,0xFF,0xFF,0xF0,0xFF,0xFF,0xFF,0xF0,0xFF,0xFF,0xFF,0xF0,
  0x00,0x0F,0xF0,0x00,0x00,0x0F,0xF0,0x00,0x24,0x44,0x15,0x55,0x55,0x55,0x55,0x55,
  0x55,0x55,0x85,0x55,0x55,0x55,0x55,0x55,0x55,0x55,0x55,0x55,0x50,0x00,0x00,0x05,
  0x55,0x55,0x06,0x60,0x01,0x16,0x67,0x77,0x60,0x50,0x77,0x77,0x70,0x00,0x55,0x55,
  0x55,0x55,0x55,0x55,0x55,0x04,0x44,0x40,0x55,0x55,0x07,0x74,0x40,0x55,0x55,0x04,
  0x44,0x40,0x50,0x44,0x44,0x05,0x55,0x55,0x07,0x05,0x55,0x55,0x50,0x44,0x47,0x05,
  0x55,0x55,0x55,0x55,0x50,0x76,0x02,0x22,0x34,0x44,0x43,0x45,0x55,0x55,0x55,0x55,
  0x55,0x55,0x55,0x55,0x55,0x43,0x33,0x33,0x33,0x43,0x22,0x23,0x45,0x55,0x55,0x55,
  0x55,0x55,0x55,0x55,0x55,0x8E,0x85,0x55,0x55,0x55,0x55,0x55,0x55,0x51,0x34,0x43,
  0x00,0x00,0x00,0x00,0x00,0x00,0x00,0x00,0x00,0x00,0x00,0x00,0x00,0x00,0x00,0x00,
  0x00,0x00,0x00,0x00,0x00,0x00,0x00,0x00,0x00,0x00,0x00,0x00,0x00,0x00,0x00,0x00,
  0x00,0x00,0x00,0x00,0x00,0x00,0x00,0x00,0x34,0x44,0x15,0x55,0x55,0x55,0x55,0x55,
  0x55,0x55,0x55,0x55,0x55,0x55,0x55,0x55,0x55,0x55,0x55,0x55,0x55,0x00,0x00,0x05,
  0x55,0x55,0x06,0x66,0x77,0x77,0x77,0x76,0x20,0x50,0x77,0x77,0x05,0x55,0x55,0x50,
  0x00,0x55,0x55,0x55,0x55,0x04,0x44,0x40,0x55,0x55,0x04,0x44,0x40,0x00,0x00,0x04,
  0x44,0x40,0x50,0x44,0x44,0x20,0x00,0x00,0x27,0x05,0x55,0x55,0x50,0x44,0x47,0x05,
  0x55,0x55,0x55,0x55,0x50,0x77,0x60,0x23,0x44,0x44,0x43,0x45,0x55,0x55,0x55,0x55,
  0x55,0x55,0x55,0x55,0x54,0x32,0x33,0x33,0x33,0x42,0x22,0x33,0x55,0x55,0x55,0x55,
  0x55,0x55,0x55,0x55,0x55,0x58,0x55,0x55,0x55,0x55,0x55,0x55,0x55,0x51,0x34,0x44,
  0x44,0x44,0x44,0x44,0x44,0x44,0x44,0x44,0x44,0x44,0x44,0x44,0x44,0x44,0x44,0x44,
  0x44,0x44,0x44,0x44,0x44,0x44,0x44,0x44,0x44,0x44,0x44,0x44,0x44,0x44,0x44,0x44,
  0x44,0x44,0x44,0x44,0x44,0x44,0x44,0x44,0x44,0x43,0x15,0x55,0x55,0x55,0x55,0x55,
  0x55,0x55,0x55,0x55,0x55,0x55,0x55,0x55,0x55,0x55,0x55,0x55,0x55,0x55,0x55,0x55,
  0x55,0x55,0x06,0x67,0x77,0x77,0x62,0x00,0x05,0x50,0x77,0x44,0x05,0x55,0x00,0x07,
  0x77,0x05,0x55,0x55,0x55,0x04,0x44,0x40,0x55,0x55,0x04,0x44,0x44,0x44,0x44,0x44,
  0x77,0x70,0x50,0x77,0x44,0x44,0x44,0x77,0x77,0x05,0x50,0x00,0x02,0x44,0x47,0x05,
  0x55,0x55,0x55,0x55,0x50,0x77,0x76,0x03,0xE4,0x44,0x34,0x55,0x55,0x55,0x53,0x33,
  0x33,0x35,0x55,0x55,0x43,0x23,0x33,0x33,0x34,0x32,0x23,0x34,0x55,0x55,0x55,0x55,
  0x55,0x35,0x55,0x55,0x55,0x55,0x55,0x55,0x55,0x55,0x55,0x55,0x55,0x55,0x13,0x33,
  0x33,0x33,0x34,0x44,0x44,0x44,0x44,0x44,0x44,0x44,0x44,0x44,0x44,0x44,0x44,0x44,
  0x44,0x44,0x44,0x44,0x43,0x33,0x33,0x33,0x33,0x33,0x33,0x33,0x33,0x33,0x33,0x33,
  0x33,0x33,0x33,0x33,0x33,0x33,0x33,0x33,0x33,0x31,0x55,0x55,0x55,0x55,0x55,0x55,
  0x55,0x55,0x55,0x55,0x55,0x55,0x55,0x55,0x55,0x55,0x55,0x55,0x55,0x55,0x55,0x55,
  0x55,0x55,0x06,0x77,0x77,0x00,0x00,0x55,0x55,0x50,0x44,0x44,0x00,0x00,0x74,0x44,
  0x47,0x05,0x55,0x55,0x55,0x06,0x66,0x60,0x55,0x55,0x02,0x77,0x77,0x77,0x77,0x77,
  0x77,0x20,0x50,0x27,0x77,0x77,0x77,0x77,0x72,0x05,0x07,0x74,0x44,0x44,0x47,0x20,
  0x55,0x55,0x55,0x55,0x50,0x44,0x77,0x03,0xEE,0xEE,0xEE,0x55,0x55,0x23,0x34,0x44,
  0xEE,0x43,0x35,0x34,0x32,0x32,0x33,0x33,0x43,0x33,0x33,0x34,0x55,0x55,0x55,0x55,
  0x55,0x55,0x55,0x55,0x55,0x55,0x55,0x55,0x55,0x55,0x55,0x55,0x55,0x55,0x51,0x11,
  0x11,0x11,0x03,0x44,0x32,0x11,0x11,0x11,0x00,0x00,0x00,0x00,0x00,0x00,0x00,0x11,
  0x11,0x11,0x23,0x44,0x31,0x00,0x00,0x00,0x00,0x01,0x00,0x10,0x11,0x11,0x11,0x11,
  0x11,0x11,0x10,0x10,0x01,0x00,0x00,0x00,0x00,0x00,0x00,0x00,0x01,0x00,0x10,0x11,
  0x11,0x11,0x11,0x11,0x11,0x15,0x55,0x55,0x55,0x55,0x55,0x55,0x55,0x55,0x55,0x55,
  0x55,0x55,0x07,0x77,0x70,0x55,0x55,0x55,0x55,0x50,0x44,0x44,0x44,0x44,0x44,0x44,
  0x47,0x05,0x55,0x55,0x55,0x00,0x00,0x05,0x55,0x55,0x50,0x00,0x00,0x00,0x00,0x00,
  0x00,0x00,0x55,0x00,0x00,0x00,0x00,0x00,0x00,0x55,0x07,0x77,0x77,0x44,0x44,0x47,
  0x00,0x55,0x50,0x00,0x02,0x44,0x44,0x03,0xEE,0xEE,0xEE,0x55,0x52,0x43,0x33,0x33,
  0x34,0x44,0x32,0x33,0x23,0x23,0x33,0x33,0xE3,0x33,0x33,0x45,0x55,0x55,0x55,0x55,
  0x55,0x55,0x55,0x55,0x55,0x55,0x55,0x55,0x55,0x55,0x55,0x55,0x55,0x55,0x55,0x55,
  0x55,0x55,0x50,0x34,0x44,0x44,0x44,0x44,0x44,0x44,0x44,0x44,0x44,0x44,0x44,0x44,
  0x44,0x44,0x44,0x43,0x10,0x00,0x00,0x00,0x00,0x00,0x00,0x00,0x00,0x00,0x00,0x00,
  0x00,0x00,0x00,0x00,0x00,0x01,0x34,0x44,0x44,0x44,0x44,0x44,0x44,0x44,0x44,0x44,
  0x44,0x44,0x44,0x44,0x44,0x31,0x55,0x55,0x55,0x55,0x55,0x55,0x55,0x55,0x55,0x55,
  0x55,0x55,0x07,0x77,0x70,0x55,0x55,0x55,0x55,0x50,0x44,0x44,0x44,0x47,0x66,0x00,
  0x00,0x55,0x55,0x55,0x55,0x55,0x55,0x55,0x55,0x55,0x55,0x55,0x55,0x55,0x55,0x55,
  0x55,0x55,0x55,0x55,0x55,0x55,0x55,0x55,0x55,0x55,0x50,0x00,0x02,0x77,0x77,0x77,
  0x77,0x05,0x07,0x44,0x44,0x44,0x44,0x03,0xEE,0xEE,0xEE,0x55,0x23,0x33,0x33,0x33,
  0x32,0x23,0x22,0x23,0x32,0x33,0x33,0x3E,0x33,0x33,0x34,0x45,0x55,0x55,0x55,0x55,
  0x55,0x55,0x55,0x55,0x55,0x55,0x55,0x55,0x55,0x55,0x55,0x55,0x35,0x55,0x55,0x55,
  0x55,0x55,0x55,0x03,0x44,0x32,0x11,0x11,0x11,0x00,0x00,0x00,0x00,0x00,0x11,0x11,
  0x11,0x23,0x44,0x31,0x00,0x10,0x11,0x31,0x33,0x34,0x43,0x44,0x44,0x43,0x44,0x33,
  0x33,0x13,0x11,0x01,0x00,0x13,0x44,0x32,0x11,0x11,0x00,0x00,0x00,0x00,0x00,0x00,
  0x01,0x11,0x22,0x23,0x34,0x43,0x15,0x55,0x55,0x55,0x65,0x55,0x55,0x55,0x65,0x55,
  0x55,0x55,0x07,0x74,0x40,0x55,0x55,0x55,0x55,0x50,0x66,0x66,0x60,0x00,0x00,0x55,
  0x55,0x55,0x55,0x55,0x55,0x55,0x50,0x00,0x00,0x00,0x00,0x00,0x55,0x55,0x50,0x00,
  0x00,0x00,0x00,0x00,0x00,0x55,0x55,0x55,0x55,0x55,0x55,0x55,0x50,0x00,0x00,0x27,
  0x77,0x05,0x07,0x77,0x77,0x77,0x44,0x70,0x0E,0x44,0x44,0x52,0x33,0x33,0x33,0x33,
  0x33,0x22,0x22,0x23,0x23,0x33,0x33,0xE3,0x33,0x33,0x44,0x55,0x55,0x55,0x55,0x55,
  0x55,0x55,0x55,0x55,0x55,0x55,0x55,0x55,0x55,0x55,0x55,0x55,0x55,0x55,0x55,0x55,
  0x55,0x55,0x55,0x50,0x34,0x44,0x44,0x44,0x44,0x44,0x44,0x44,0x44,0x44,0x44,0x44,
  0x44,0x44,0x43,0x10,0x00,0x00,0x00,0x00,0x00,0x00,0x00,0x00,0x00,0x00,0x00,0x00,
  0x00,0x00,0x00,0x00,0x01,0x34,0x44,0x44,0x44,0x44,0x44,0x44,0x44,0x44,0x44,0x44,
  0x44,0x44,0x44,0x44,0x44,0x44,0x15,0x55,0x55,0x55,0x55,0x55,0x55,0x55,0x55,0x55,
  0x55,0x55,0x07,0x44,0x40,0x55,0x55,0x55,0x55,0x55,0x00,0x00,0x05,0x55,0x55,0x55,
  0x50,0x00,0x00,0x00,0x00,0x55,0x06,0x67,0x77,0x77,0x77,0x76,0x05,0x55,0x06,0x77,
  0x77,0x77,0x77,0x77,0x76,0x05,0x50,0x00,0x00,0x00,0x05,0x55,0x55,0x55,0x55,0x00,
  0x00,0x05,0x00,0x00,0x00,0x27,0x77,0x77,0x70,0x44,0x44,0x22,0x33,0x33,0x32,0x22,
  0x33,0x32,0x12,0x23,0x33,0x33,0x3E,0x33,0x33,0x34,0x44,0x55,0x55,0x55,0x55,0x55,
  0x55,0x55,0x55,0x11,0x11,0x11,0x11,0x11,0x11,0x11,0x11,0x11,0x11,0x11,0x11,0x11,
  0x10,0x10,0x00,0x00,0x00,0x10,0x12,0x22,0x22,0x23,0x33,0x33,0x33,0x33,0x22,0x21,
  0x11,0x11,0x11,0x11,0x11,0x11,0x11,0x11,0x11,0x11,0x11,0x11,0x11,0x11,0x11,0x11,
  0x11,0x11,0x11,0x11,0x13,0x44,0x32,0x21,0x11,0x11,0x11,0x00,0x00,0x00,0x11,0x11,
  0x11,0x12,0x22,0x23,0x34,0x44,0x15,0x55,0x55,0x55,0x55,0x55,0x55,0x55,0x55,0x55,
  0x55,0x55,0x04,0x44,0x40,0x55,0x55,0x55,0x55,0x55,0x55,0x55,0x55,0x55,0x00,0x00,
  0x02,0x67,0x74,0x47,0x72,0x05,0x07,0x44,0x44,0x44,0x44,0x77,0x05,0x55,0x07,0x44,
  0x44,0x44,0x44,0x44,0x77,0x05,0x06,0x67,0x77,0x76,0x20,0x00,0x00,0x05,0x55,0x55,
  0x55,0x55,0x55,0x55,0x55,0x00,0x00,0x27,0x70,0x33,0x33,0x23,0x33,0x32,0x44,0x33,
  0x23,0x33,0x12,0x22,0x33,0x33,0xE3,0x33,0x34,0x44,0x45,0x55,0x55,0x55,0x55,0x55,
  0x55,0x55,0x51,0x34,0x44,0x44,0x44,0x44,0x44,0x44,0x44,0x44,0x44,0x44,0x44,0x44,
  0x44,0x44,0x44,0x44,0x44,0x44,0x44,0x44,0x44,0x44,0x44,0x44,0x44,0x44,0x44,0x44,
  0x44,0x44,0x44,0x44,0x44,0x44,0x44,0x44,0x44,0x44,0x44,0x44,0x44,0x44,0x44,0x44,
  0x44,0x44,0x44,0x44,0x44,0x44,0x44,0x44,0x44,0x44,0x44,0x44,0x44,0x44,0x44,0x44,
  0x44,0x44,0x44,0x44,0x44,0x44,0x15,0x55,0x55,0x55,0x55,0x55,0x55,0x55,0x55,0x55,
  0x55,0x55,0x04,0x47,0x60,0x55,0x55,0x55,0x00,0x00,0x00,0x55,0x55,0x50,0x26,0x74,
  0x44,0x44,0x44,0x44,0x47,0x05,0x04,0x42,0x00,0x00,0x02,0x44,0x05,0x55,0x04,0x42,
  0x00,0x00,0x00,0x02,0x47,0x05,0x06,0x74,0x44,0x44,0x44,0x47,0x77,0x60,0x55,0x00,
  0x00,0x00,0x05,0x55,0x55,0x55,0x33,0x00,0x00,0x33,0x32,0x23,0x33,0x14,0x33,0x33,
  0x32,0x33,0x31,0x22,0x33,0x4E,0x44,0x44,0x44,0x44,0x55,0x55,0x55,0x55,0x35,0x55,
  0x55,0x55,0x13,0x44,0x32,0x22,0x22,0x22,0x22,0x22,0x22,0x22,0x22,0x22,0x22,0x22,
  0x22,0x22,0x22,0x22,0x22,0x22,0x22,0x22,0x22,0x22,0x22,0x22,0x22,0x22,0x22,0x22,
  0x22,0x22,0x22,0x22,0x22,0x22,0x22,0x22,0x22,0x22,0x22,0x22,0x22,0x22,0x22,0x22,
  0x22,0x22,0x22,0x22,0x22,0x22,0x22,0x22,0x22,0x22,0x22,0x22,0x22,0x22,0x22,0x22,
  0x22,0x22,0x22,0x22,0x34,0x4E,0x15,0x55,0x55,0x55,0x55,0x55,0x55,0x55,0x55,0x55,
  0x55,0x55,0x06,0x60,0x05,0x55,0x00,0x00,0x67,0x77,0x76,0x05,0x55,0x50,0x67,0x44,
  0x47,0x20,0x00,0x02,0x44,0x05,0x04,0x40,0x55,0x55,0x50,0x44,0x05,0x55,0x04,0x40,
  0x55,0x55,0x55,0x50,0x44,0x05,0x07,0x74,0x44,0x44,0x44,0x44,0x44,0x70,0x50,0x86,
  0x44,0x44,0x60,0x00,0x00,0x55,0x33,0x22,0x23,0x43,0x31,0x23,0x31,0x23,0x33,0x33,
  0x31,0x33,0x31,0x22,0x4E,0xE4,0xE4,0xE4,0xE4,0x45,0x55,0x55,0x55,0x55,0x55,0x55,
  0x55,0x55,0x13,0x44,0x20,0x00,0x00,0x00,0x00,0x00,0x00,0x00,0x00,0x00,0x00,0x00,
  0x00,0x00,0x00,0x00,0x00,0x00,0x00,0x00,0x00,0x00,0x00,0x00,0x02,0x00,0x04,0x40,
  0x00,0x44,0x00,0x44,0x44,0x40,0x04,0x44,0x44,0x40,0x00,0x20,0x00,0x00,0x00,0x00,
  0x00,0x00,0x00,0x00,0x00,0x00,0x00,0x00,0x00,0x00,0x00,0x00,0x00,0x00,0x00,0x00,
  0x00,0x00,0x00,0x00,0x24,0x44,0x15,0x55,0x55,0x55,0x55,0x55,0x55,0x55,0x55,0x55,
  0x55,0x55,0x50,0x05,0x55,0x50,0x67,0x74,0x44,0x44,0x47,0x60,0x55,0x50,0x77,0x60,
  0x00,0x05,0x55,0x50,0x44,0x05,0x04,0x40,0x55,0x55,0x50,0x44,0x05,0x55,0x04,0x40,
  0x55,0x55,0x55,0x50,0x44,0x05,0x50,0x00,0x00,0x44,0x44,0x44,0x47,0x60,0x50,0x44,
  0x44,0x44,0x44,0x46,0x68,0x05,0x53,0x22,0x23,0x34,0x31,0x33,0x31,0x33,0x33,0x33,
  0x31,0x33,0x31,0x24,0xEE,0x4E,0x4E,0x4E,0x44,0x55,0x55,0x55,0x55,0x55,0x55,0x55,
  0x55,0x55,0x13,0x4E,0x20,0x00,0x00,0x00,0x00,0x00,0x00,0x00,0x00,0x00,0x00,0x00,
  0x00,0x00,0x00,0x00,0x00,0x00,0x00,0x00,0x00,0x00,0x00,0x00,0x03,0x00,0x04,0x04,
  0x04,0x04,0x00,0x40,0x00,0x40,0x04,0x00,0x00,0x40,0x00,0x30,0x00,0x00,0x00,0x00,
  0x00,0x00,0x00,0x00,0x00,0x00,0x00,0x00,0x00,0x00,0x00,0x00,0x00,0x00,0x00,0x00,
  0x00,0x00,0x00,0x00,0x24,0x4E,0x15,0x55,0x55,0x55,0x55,0x55,0x55,0x55,0x55,0x55,
  0x55,0x55,0x55,0x55,0x55,0x50,0x77,0x44,0x60,0x00,0x04,0x70,0x55,0x50,0x77,0x05,
  0x55,0x55,0x55,0x50,0x44,0x05,0x07,0x70,0x55,0x55,0x50,0x44,0x05,0x55,0x04,0x40,
  0x55,0x55,0x55,0x50,0x44,0x05,0x55,0x55,0x50,0x44,0x00,0x00,0x00,0x05,0x50,0x44,
  0x60,0x00,0x06,0x44,0x46,0x05,0x53,0x22,0x33,0x33,0x31,0x33,0x31,0x33,0x33,0x33,
  0x33,0x33,0x31,0x2E,0xEE,0xEE,0xEE,0xE4,0x35,0x55,0x55,0x55,0x55,0x55,0x55,0x55,
  0x55,0x55,0x13,0x44,0x20,0x00,0x00,0x00,0x00,0x22,0x23,0x23,0x33,0x33,0x33,0x33,
  0x33,0x33,0x43,0x44,0x43,0x44,0x44,0x44,0x44,0x44,0x44,0x34,0x33,0x00,0x04,0x00,
  0x40,0x04,0x04,0x44,0x44,0x44,0x04,0x44,0x44,0x40,0x00,0x33,0x43,0x44,0x44,0x44,
  0x44,0x44,0x43,0x44,0x43,0x43,0x33,0x33,0x33,0x33,0x33,0x33,0x23,0x22,0x20,0x00,
  0x00,0x00,0x00,0x00,0x24,0x4E,0x15,0x55,0x55,0x55,0x55,0x55,0x55,0x55,0x55,0x55,
  0x55,0x55,0x55,0x55,0x55,0x50,0x74,0x00,0x05,0x55,0x04,0x40,0x55,0x50,0x77,0x05,
  0x55,0x55,0x85,0x50,0x47,0x05,0x07,0x72,0x00,0x00,0x02,0x77,0x05,0x55,0x07,0x40,
  0x55,0x55,0x55,0x50,0x44,0x05,0x55,0x55,0x50,0x44,0x05,0x55,0x55,0x55,0x50,0x44,
  0x05,0x55,0x50,0x00,0x06,0x05,0x55,0x32,0x23,0x33,0x31,0x33,0x32,0x43,0x33,0x34,
  0x23,0x33,0x32,0x3E,0xEE,0xEE,0xEE,0x45,0x55,0x55,0x55,0x55,0x55,0x55,0x55,0x55,
  0x55,0x55,0x13,0x4E,0x20,0x00,0x00,0x00,0x00,0x20,0x00,0x00,0x00,0x00,0x00,0x00,
  0x00,0x00,0x00,0x00,0x00,0x00,0x00,0x00,0x00,0x00,0x00,0x00,0x03,0x00,0x04,0x00,
  0x00,0x04,0x04,0x00,0x00,0x44,0x04,0x40,0x00,0x00,0x00,0x30,0x00,0x00,0x00,0x00,
  0x00,0x00,0x00,0x00,0x00,0x00,0x00,0x00,0x00,0x00,0x00,0x00,0x00,0x00,0x20,0x00,
  0x00,0x00,0x00,0x00,0x24,0x4E,0x15,0x55,0x53,0x55,0x55,0x55,0x55,0x55,0x55,0x55,
  0x55,0x55,0x55,0x55,0x55,0x50,0x74,0x05,0x55,0x55,0x04,0x40,0x55,0x50,0x77,0x05,
  0x55,0x55,0x55,0x50,0x47,0x05,0x07,0x77,0x77,0x77,0x77,0x77,0x80,0x55,0x07,0x70,
  0x55,0x55,0x55,0x50,0x44,0x05,0x55,0x55,0x50,0x47,0x05,0x55,0x55,0x55,0x50,0x44,
  0x05,0x55,0x55,0x55,0x50,0x05,0x55,0x33,0x22,0x33,0x31,0x33,0x33,0x14,0x44,0x42,
  0x33,0x33,0x32,0x34,0x44,0x44,0x33,0x55,0x55,0x55,0x55,0x55,0x55,0x55,0x55,0x55,
  0x55,0x55,0x13,0x4E,0x20,0x00,0x00,0x00,0x00,0x20,0x00,0x00,0x00,0x00,0x00,0x00,
  0x00,0x00,0x00,0x00,0x00,0x00,0x00,0x00,0x00,0x00,0x00,0x00,0x02,0x00,0x04,0x00,
  0x00,0x04,0x04,0x00,0x00,0x44,0x04,0x40,0x00,0x00,0x00,0x20,0x00,0x00,0x00,0x00,
  0x00,0x00,0x00,0x00,0x00,0x00,0x00,0x00,0x00,0x00,0x00,0x00,0x00,0x00,0x20,0x00,
  0x00,0x00,0x00,0x00,0x24,0x4E,0x15,0x55,0x55,0x55,0x55,0x55,0x55,0x55,0x55,0x55,
  0x55,0x55,0x55,0x55,0x55,0x50,0x74,0x05,0x55,0x55,0x04,0x40,0x55,0x50,0x77,0x05,
  0x55,0x55,0x55,0x50,0x77,0x05,0x07,0x77,0x77,0x77,0x77,0x77,0x76,0x05,0x07,0x72,
  0x05,0x55,0x55,0x50,0x47,0x05,0x55,0x55,0x50,0x77,0x05,0x55,0x55,0x55,0x50,0x74,
  0x80,0x00,0x05,0x55,0x55,0x55,0x55,0x54,0x32,0x22,0x32,0x13,0x33,0x31,0x12,0x23,
  0x33,0x34,0x12,0x22,0x22,0x33,0x55,0x55,0x55,0x55,0x55,0x55,0x55,0x55,0x55,0x55,
  0x55,0x55,0x13,0x4E,0x20,0x00,0x00,0x00,0x00,0x00,0x00,0x00,0x00,0x00,0x00,0x00,
  0x00,0x00,0x00,0x00,0x00,0x00,0x00,0x00,0x00,0x00,0x00,0x00,0x00,0x00,0x00,0x00,
  0x00,0x00,0x00,0x00,0x00,0x00,0x00,0x00,0x00,0x00,0x00,0x00,0x00,0x00,0x00,0x00,
  0x00,0x00,0x00,0x00,0x00,0x00,0x00,0x00,0x00,0x00,0x00,0x00,0x00,0x00,0x00,0x00,
  0x00,0x00,0x00,0x00,0x24,0x4E,0x15,0x55,0x55,0x55,0x55,0x55,0x55,0x55,0x55,0x55,
  0x55,0x58,0x55,0x55,0x55,0x50,0x74,0x05,0x55,0x00,0x24,0x40,0x55,0x50,0x77,0x05,
  0x55,0x55,0x55,0x50,0x77,0x05,0x06,0x77,0x72,0x00,0x00,0x02,0x66,0x05,0x07,0x77,
  0x60,0x55,0x55,0x50,0x77,0x05,0x55,0x55,0x50,0x77,0x60,0x55,0x55,0x55,0x50,0x74,
  0x77,0x77,0x80,0x00,0x05,0x55,0x55,0x55,0x43,0x33,0x32,0x12,0x33,0x33,0x33,0x33,
  0x33,0x33,0x12,0x33,0x33,0x55,0x55,0x55,0x55,0x55,0x55,0x55,0x55,0x55,0x55,0x55,
  0x55,0x55,0x13,0x4E,0x20,0x00,0x00,0x00,0x00,0x00,0x00,0x00,0x00,0x00,0x00,0x00,
  0x00,0x00,0x00,0x00,0x00,0x00,0x00,0x00,0x00,0x00,0x00,0x00,0x00,0x00,0x00,0x00,
  0x00,0x00,0x00,0x00,0x00,0x00,0x00,0x00,0x00,0x00,0x00,0x00,0x00,0x00,0x00,0x00,
  0x00,0x00,0x00,0x00,0x00,0x00,0x00,0x00,0x00,0x00,0x00,0x00,0x00,0x00,0x00,0x00,
  0x00,0x00,0x00,0x00,0x24,0x4E,0x15,0x55,0x55,0x55,0x55,0x55,0x55,0x55,0x55,0x55,
  0x55,0x55,0x55,0x55,0x55,0x50,0x74,0x00,0x00,0x74,0x44,0x72,0x00,0x50,0x67,0x05,
  0x55,0x55,0x55,0x50,0x76,0x05,0x06,0x77,0x70,0x55,0x55,0x50,0x66,0x05,0x06,0x77,
  0x70,0x55,0x55,0x50,0x76,0x05,0x55,0x55,0x50,0x77,0x76,0x05,0x55,0x55,0x50,0x67,
  0x77,0x77,0x77,0x77,0x80,0x55,0x55,0x55,0x54,0x43,0x33,0x12,0x33,0x33,0x33,0x33,
  0x34,0x31,0x11,0x22,0x25,0x55,0x55,0x55,0x55,0x55,0x55,0x55,0x55,0x55,0x55,0x55,
  0x55,0x55,0x13,0x4E,0x20,0x00,0x00,0x00,0x00,0x00,0x00,0x00,0x00,0x00,0x00,0x00,
  0x00,0x00,0x00,0x00,0x00,0x00,0x00,0x00,0x00,0x00,0x00,0x00,0x00,0x00,0x00,0x00,
  0x00,0x00,0x00,0x00,0x00,0x00,0x00,0x00,0x00,0x00,0x00,0x00,0x00,0x00,0x00,0x00,
  0x00,0x00,0x00,0x00,0x00,0x00,0x00,0x00,0x00,0x00,0x00,0x00,0x00,0x00,0x00,0x00,
  0x00,0x00,0x00,0x00,0x24,0x4E,0x15,0x55,0x55,0x55,0x55,0x55,0x55,0x55,0x55,0x55,
  0x55,0x55,0x55,0x55,0x55,0x50,0x74,0x44,0x44,0x44,0x77,0x77,0x20,0x50,0x66,0x60,
  0x55,0x55,0x55,0x50,0x76,0x05,0x06,0x66,0x60,0x55,0x55,0x50,0x66,0x05,0x06,0x66,
  0x60,0x55,0x55,0x50,0x66,0x05,0x55,0x55,0x50,0x66,0x77,0x05,0x55,0x55,0x55,0x00,
  0x00,0x00,0x67,0x77,0x76,0x05,0x55,0x55,0x55,0x54,0x43,0x21,0x24,0x43,0x33,0x34,
  0x43,0x12,0x21,0x32,0x55,0x55,0x55,0x55,0x55,0x55,0x55,0x55,0x55,0x55,0x85,0x55,
  0x55,0x55,0x13,0x4E,0x20,0x00,0x00,0x00,0x00,0x00,0x00,0x00,0x00,0x00,0x00,0x00,
  0x00,0x00,0x00,0x00,0x00,0x00,0x00,0x00,0x00,0x00,0x00,0x00,0x00,0x00,0x00,0x00,
  0x00,0x00,0x00,0x00,0x00,0x00,0x00,0x00,0x00,0x00,0x00,0x00,0x00,0x00,0x00,0x00,
  0x00,0x00,0x00,0x00,0x00,0x00,0x00,0x00,0x00,0x00,0x00,0x00,0x00,0x00,0x00,0x00,
  0x00,0x00,0x00,0x00,0x24,0x4E,0x15,0x55,0x55,0x55,0x55,0x55,0x55,0x55,0x5C,0x55,
  0x55,0x55,0x55,0x55,0x55,0x50,0x77,0x77,0x77,0x77,0x77,0x67,0x70,0x50,0x66,0x66,
  0x05,0x55,0x55,0x50,0x66,0x05,0x06,0x66,0x60,0x55,0x55,0x50,0x66,0x05,0x06,0x66,
  0x60,0x55,0x55,0x50,0x66,0x05,0x55,0x55,0x50,0x66,0x66,0x05,0x55,0x55,0x55,0x55,
  0x55,0x55,0x02,0x77,0x76,0x05,0x55,0x55,0x55,0x55,0x55,0x55,0x12,0x34,0x44,0x43,
  0x11,0x12,0x31,0x42,0x55,0x55,0x55,0x55,0x55,0x55,0x55,0x55,0x55,0x58,0xE8,0x55,
  0x55,0x55,0x13,0x4E,0x20,0x00,0x00,0x00,0x00,0x00,0x00,0x00,0x00,0x00,0x00,0x00,
  0x00,0x00,0x00,0x00,0x00,0x00,0x00,0x00,0x00,0x00,0x00,0x00,0x00,0x00,0x00,0x00,
  0x00,0x00,0x00,0x00,0x00,0x00,0x00,0x00,0x00,0x00,0x00,0x00,0x00,0x00,0x00,0x00,
  0x00,0x00,0x00,0x00,0x00,0x00,0x00,0x00,0x00,0x00,0x00,0x00,0x00,0x00,0x00,0x00,
  0x00,0x00,0x00,0x00,0x24,0x4E,0x15,0x55,0x55,0x55,0x55,0x55,0x55,0x55,0x53,0x55,
  0x55,0x55,0x55,0x55,0x55,0x50,0x67,0x77,0x76,0x00,0x00,0x86,0x60,0x50,0x66,0x66,
  0x05,0x55,0x55,0x50,0x66,0x05,0x06,0x88,0x80,0x55,0x55,0x50,0x88,0x05,0x08,0x88,
  0x60,0x55,0x55,0x50,0x88,0x05,0x55,0x55,0x50,0x88,0x86,0x05,0x55,0x55,0x50,0x00,
  0x05,0x55,0x50,0x77,0x76,0x05,0x55,0x55,0x55,0x55,0x55,0x55,0x50,0x00,0x00,0x01,
  0x22,0x12,0x21,0x32,0x55,0x55,0x55,0x55,0x55,0x35,0x55,0x55,0x55,0x55,0x85,0x55,
  0x55,0x55,0x13,0x4E,0x20,0x00,0x00,0x00,0x00,0x00,0x00,0x00,0x00,0x00,0x00,0x00,
  0x00,0x00,0x00,0x00,0x00,0x00,0x00,0x00,0x00,0x00,0x00,0x00,0x00,0x00,0x00,0x00,
  0x00,0x00,0x00,0x00,0x00,0x00,0x00,0x00,0x00,0x00,0x00,0x00,0x00,0x00,0x00,0x00,
  0x00,0x00,0x00,0x00,0x00,0x00,0x00,0x00,0x00,0x00,0x00,0x00,0x00,0x00,0x00,0x00,
  0x00,0x00,0x00,0x00,0x24,0x44,0x15,0x55,0x55,0x55,0x55,0x55,0x55,0x55,0x52,0x55,
  0x55,0x55,0x55,0x55,0x55,0x50,0x66,0x66,0x00,0x55,0x55,0x06,0x60,0x50,0x66,0x66,
  0x05,0x50,0x00,0x00,0x88,0x05,0x08,0x88,0x82,0x00,0x00,0x02,0x88,0x05,0x08,0x88,
  0x82,0x00,0x00,0x02,0x88,0x05,0x55,0x55,0x50,0x88,0x88,0x05,0x55,0x55,0x50,0x66,
  0x60,0x55,0x50,0x66,0x66,0x05,0x55,0x55,0x55,0x55,0x55,0x55,0x52,0x01,0x22,0x21,
  0x23,0x12,0x31,0x42,0x55,0x55,0x55,0x55,0x55,0x55,0x55,0x55,0x55,0x55,0x55,0x55,
  0x55,0x55,0x13,0x44,0x20,0x00,0x00,0x00,0x00,0x00,0x00,0x00,0x00,0x00,0x00,0x00,
  0x00,0x00,0x00,0x00,0x00,0x00,0x00,0x00,0x00,0x00,0x00,0x00,0x00,0x00,0x00,0x00,
  0x00,0x00,0x00,0x00,0x00,0x00,0x00,0x00,0x00,0x00,0x00,0x00,0x00,0x00,0x00,0x00,
  0x00,0x00,0x00,0x00,0x00,0x00,0x00,0x00,0x00,0x00,0x00,0x00,0x00,0x00,0x00,0x00,
  0x00,0x00,0x00,0x00,0x24,0x4E,0x15,0x55,0x55,0x55,0x55,0x55,0x55,0x55,0x52,0x55,
  0x55,0x55,0x55,0x55,0x55,0x50,0x66,0x66,0x05,0x55,0x55,0x08,0x80,0x50,0x88,0x88,
  0x00,0x08,0x88,0x88,0x88,0x05,0x08,0x88,0x88,0x88,0x88,0x88,0x88,0x05,0x08,0x88,
  0x88,0x88,0x88,0x88,0x88,0x05,0x55,0x55,0x50,0x88,0x88,0x05,0x55,0x55,0x50,0x88,
  0x60,0x55,0x50,0x66,0x68,0x05,0x55,0x55,0x55,0x55,0x55,0x55,0x52,0x01,0x23,0x21,
  0x24,0x13,0x21,0x42,0x55,0x55,0x55,0x55,0x55,0x55,0x55,0x55,0x55,0x55,0x55,0x55,
  0x55,0x55,0x13,0x4E,0x20,0x00,0x00,0x00,0x00,0x00,0x00,0x00,0x00,0x00,0x00,0x00,
  0x00,0x00,0x00,0x00,0x00,0x00,0x00,0x00,0x00,0x00,0x00,0x00,0x00,0x00,0x00,0x00,
  0x00,0x00,0x00,0x00,0x00,0x00,0x00,0x00,0x00,0x00,0x00,0x00,0x00,0x00,0x00,0x00,
  0x00,0x00,0x00,0x00,0x00,0x00,0x00,0x00,0x00,0x00,0x00,0x00,0x00,0x00,0x00,0x00,
  0x00,0x00,0x00,0x00,0x24,0x44,0x15,0x55,0x55,0x55,0x55,0x55,0x55,0x55,0x52,0x55,
  0x55,0x55,0x55,0x55,0x55,0x50,0x88,0x88,0x05,0x55,0x55,0x08,0x80,0x50,0x88,0x88,
  0x88,0x88,0x88,0x88,0x82,0x05,0x02,0x88,0x88,0x88,0x88,0x88,0x82,0x05,0x02,0x88,
  0x88,0x88,0x88,0x88,0x82,0x05,0x55,0x55,0x50,0x28,0x82,0x05,0x55,0x55,0x50,0x88,
  0x88,0x00,0x02,0x88,0x88,0x05,0x55,0x55,0x55,0x55,0x55,0x55,0x52,0x01,0x32,0x21,
  0x33,0x12,0x31,0x42,0x55,0x55,0x55,0x55,0x55,0x55,0x55,0x55,0x55,0x55,0x55,0x55,
  0x55,0x55,0x13,0x44,0x30,0x00,0x00,0x00,0x00,0x00,0x00,0x00,0x00,0x00,0x00,0x00,
  0x00,0x00,0x00,0x00,0x00,0x00,0x00,0x00,0x00,0x00,0x00,0x00,0x00,0x00,0x00,0x00,
  0x00,0x00,0x00,0x00,0x00,0x00,0x00,0x00,0x00,0x00,0x00,0x00,0x00,0x00,0x00,0x00,
  0x00,0x00,0x00,0x00,0x00,0x00,0x00,0x00,0x00,0x00,0x00,0x00,0x00,0x00,0x00,0x00,
  0x00,0x00,0x00,0x00,0x34,0x44,0x15,0x55,0x55,0x55,0x55,0x55,0x55,0x55,0x51,0x55,
  0x55,0x55,0x55,0x55,0x55,0x50,0x88,0x88,0x05,0x55,0x55,0x08,0x80,0x50,0x28,0x88,
  0x88,0x88,0x00,0x00,0x00,0x55,0x50,0x00,0x00,0x00,0x00,0x00,0x00,0x55,0x50,0x00,
  0x00,0x00,0x00,0x00,0x00,0x44,0x33,0x55,0x55,0x00,0x00,0x44,0x33,0x55,0x50,0x28,
  0x88,0x88,0x88,0x88,0x88,0x05,0x55,0x55,0x55,0x85,0x55,0x55,0x53,0x01,0x23,0x21,
  0x34,0x13,0x21,0x42,0x55,0x55,0x55,0x55,0x55,0x55,0x55,0x55,0x55,0x55,0x55,0x55,
  0x55,0x55,0x13,0x44,0x44,0x44,0x44,0x44,0x44,0x44,0x44,0x44,0x44,0x44,0x44,0x44,
  0x44,0x44,0x44,0x44,0x44,0x44,0x44,0x44,0x44,0x44,0x44,0x44,0x44,0x44,0x44,0x44,
  0x44,0x44,0x44,0x44,0x44,0x44,0x44,0x44,0x44,0x44,0x44,0x44,0x44,0x44,0x44,0x44,
  0x44,0x44,0x44,0x44,0x44,0x44,0x44,0x44,0x44,0x44,0x44,0x44,0x44,0x44,0x44,0x44,
  0x44,0x44,0x44,0x44,0x44,0x43,0x15,0x55,0x55,0x55,0x55,0x55,0x55,0x55,0x22,0x85,
  0x55,0x55,0x55,0x55,0x55,0x50,0x88,0x88,0x05,0x55,0x55,0x08,0x80,0x55,0x00,0x00,
  0x00,0x00,0x55,0x55,0x55,0x55,0x55,0x55,0x55,0x55,0x55,0x55,0x55,0x55,0x55,0x55,
  0x55,0x55,0x55,0x55,0x51,0x42,0x22,0x05,0x55,0x55,0x51,0x42,0x22,0x55,0x55,0x00,
  0x02,0x88,0x88,0x88,0x88,0x05,0x55,0x55,0x55,0x55,0x55,0x55,0x52,0x01,0x32,0x31,
  0x34,0x12,0x31,0x42,0x55,0x55,0x55,0x58,0x55,0x55,0x55,0x55,0x55,0x85,0x55,0x55,
  0x55,0x55,0x51,0x33,0x33,0x33,0x34,0x44,0x44,0x44,0x44,0x44,0x44,0x44,0x44,0x44,
  0x44,0x44,0x44,0x44,0x44,0x44,0x44,0x44,0x43,0x33,0x33,0x33,0x33,0x33,0x33,0x33,
  0x33,0x33,0x33,0x33,0x33,0x33,0x33,0x33,0x33,0x33,0x33,0x33,0x33,0x33,0x33,0x33,
  0x33,0x33,0x33,0x33,0x33,0x33,0x33,0x33,0x33,0x33,0x33,0x33,0x33,0x33,0x33,0x33,
  0x33,0x33,0x33,0x33,0x33,0x31,0x55,0x55,0x55,0x55,0x55,0x55,0x55,0x55,0x00,0x95,
  0x55,0x55,0x55,0x55,0x55,0x50,0x88,0x88,0x05,0x55,0x55,0x50,0x00,0x55,0x55,0x55,
  0x55,0x55,0x55,0x55,0x55,0x55,0x55,0x55,0x55,0x55,0x55,0x55,0x55,0x55,0x55,0x55,
  0x55,0x55,0x55,0x55,0x11,0x32,0x22,0x05,0x55,0x55,0x11,0x32,0x22,0x55,0x55,0x55,
  0x50,0x00,0x00,0x28,0x82,0x05,0x55,0x55,0x55,0x55,0x55,0x55,0x53,0x01,0x33,0x21,
  0x3E,0x13,0x31,0x42,0x55,0x55,0x55,0x55,0x55,0x55,0x55,0x55,0x55,0x55,0x55,0x55,
  0x55,0x55,0x55,0x10,0x10,0x00,0x03,0x44,0x32,0x21,0x11,0x11,0x00,0x00,0x00,0x00,
  0x00,0x00,0x00,0x11,0x11,0x11,0x23,0x44,0x30,0x00,0x00,0x10,0x11,0x11,0x11,0x11,
  0x11,0x01,0x00,0x00,0x00,0x00,0x00,0x00,0x00,0x00,0x00,0x00,0x00,0x00,0x00,0x00,
  0x00,0x00,0x10,0x01,0x01,0x11,0x11,0x11,0x11,0x11,0x11,0x11,0x11,0x11,0x11,0x11,
  0x11,0x11,0x11,0x11,0x11,0x15,0x55,0x55,0x55,0x55,0x55,0x55,0x55,0x22,0x00,0x09,
  0x95,0x55,0x55,0x55,0x55,0x55,0x00,0x00,0x55,0x55,0x55,0x55,0x55,0x55,0x55,0x55,
  0x55,0x55,0x55,0x55,0x55,0x55,0x55,0x55,0x55,0x55,0x55,0x55,0x55,0x55,0x55,0x55,
  0x55,0x55,0x55,0x51,0x11,0x32,0x22,0x05,0x55,0x51,0x11,0x32,0x22,0x55,0x55,0x55,
  0x55,0x55,0x55,0x00,0x00,0x55,0x55,0x55,0x55,0x55,0x55,0x55,0x53,0x11,0x33,0x31,
  0x4E,0x13,0x32,0x42,0x55,0x55,0x55,0x55,0x55,0x55,0x55,0x55,0x55,0x55,0x55,0x55,
  0x55,0x55,0x55,0x55,0x55,0x55,0x50,0x34,0x44,0x44,0x44,0x44,0x44,0x44,0x44,0x44,
  0x44,0x44,0x44,0x44,0x44,0x44,0x44,0x43,0x05,0x55,0x55,0x55,0x55,0x55,0x55,0x55,
  0x55,0x55,0x55,0x55,0x55,0x55,0x55,0x55,0x50,0x34,0x43,0x22,0x23,0x34,0x4E,0xE4,
  0x15,0x55,0x55,0x55,0x55,0x55,0x55,0x55,0x55,0x55,0x55,0x55,0x55,0x55,0x55,0x55,
  0x55,0x55,0x55,0x55,0x55,0x55,0x55,0x55,0x55,0x55,0x55,0x55,0x55,0x00,0x00,0x00,
  0x85,0x55,0x55,0x55,0x55,0x55,0x55,0x55,0x55,0x54,0x4E,0xEE,0xEE,0xE4,0x55,0x55,
  0x55,0x55,0x55,0x55,0x55,0x55,0x55,0x55,0x55,0x55,0x55,0x55,0x55,0x55,0x55,0x55,
  0x55,0x55,0x55,0x11,0x11,0x32,0x22,0x05,0x55,0x11,0x11,0x32,0x22,0x55,0x55,0x55,
  0x55,0x55,0x55,0x55,0x55,0x55,0x55,0x55,0x55,0x55,0x55,0x55,0x53,0x11,0x33,0x31,
  0x4E,0x13,0x32,0x42,0x55,0x55,0x55,0x55,0x55,0x55,0x55,0x55,0x55,0x55,0x55,0x55,
  0x55,0x55,0x55,0x55,0x55,0x55,0x55,0x13,0x44,0x32,0x21,0x11,0x11,0x10,0x00,0x00,
  0x00,0x00,0x11,0x11,0x12,0x23,0x44,0x30,0x55,0x55,0x55,0x55,0x55,0x55,0x55,0x55,
  0x55,0x55,0x55,0x55,0x55,0x55,0x55,0x55,0x50,0x34,0x43,0x22,0x23,0x34,0x4E,0xE4,
  0x15,0x55,0x55,0x55,0x55,0x55,0x55,0x55,0x55,0x55,0x55,0x55,0x55,0x55,0x55,0x55,
  0x55,0x55,0x55,0x55,0x55,0x55,0x55,0x55,0x55,0x55,0x55,0x55,0x55,0x00,0x00,0x00,
  0x25,0x34,0x44,0x44,0xE4,0x55,0x55,0x55,0x55,0x54,0x33,0x43,0x44,0xE2,0x45,0x55,
  0x55,0x55,0x55,0x55,0x55,0x55,0x55,0x55,0x55,0x55,0x55,0x55,0x55,0x55,0x55,0x55,
  0x55,0x55,0x51,0x44,0x44,0x44,0x44,0x44,0x44,0x44,0x44,0x44,0x34,0x33,0x25,0x55,
  0x55,0x55,0x55,0x55,0x55,0x55,0x55,0x55,0x55,0x55,0x55,0x55,0x54,0x11,0x33,0x31,
  0x4E,0x23,0x32,0x42,0x55,0x55,0x55,0x55,0x55,0x55,0x55,0x55,0x55,0x55,0x55,0x55,
  0x55,0x55,0x55,0x55,0x55,0x55,0x55,0x50,0x34,0x44,0x44,0x44,0x44,0x44,0x44,0x44,
  0x44,0x44,0x44,0x44,0x44,0x44,0x43,0x15,0x55,0x55,0x55,0x55,0x55,0x55,0x55,0x55,
  0x55,0x55,0x55,0x55,0x55,0x55,0x55,0x55,0x50,0x00,0x00,0x00,0x00,0x01,0x11,0x11,
  0x15,0x55,0x55,0x55,0x55,0x55,0x55,0x55,0x55,0x55,0x55,0x55,0x55,0x55,0x55,0x55,
  0x55,0x55,0x5F,0x55,0x55,0x55,0x55,0x55,0x55,0x55,0x55,0x55,0x55,0x01,0x01,0x01,
  0x82,0x43,0x33,0x34,0xE3,0x45,0x55,0x55,0x55,0x54,0x34,0x34,0x44,0xE2,0x24,0x55,
  0x55,0x55,0x55,0x55,0x55,0x55,0x55,0x55,0x55,0x55,0x55,0x55,0x55,0x55,0x55,0x55,
  0x55,0x55,0x51,0x43,0x33,0x33,0x33,0x33,0x33,0x33,0x33,0x33,0x33,0x33,0x25,0x55,
  0x55,0x55,0x55,0x55,0x55,0x55,0x55,0x55,0x55,0x55,0x55,0x55,0x53,0x11,0x33,0x31,
  0x4E,0x23,0x32,0x42,0x55,0x55,0x55,0x55,0x55,0x55,0x55,0x55,0x55,0x55,0x55,0x55,
  0x55,0x55,0x55,0x55,0x85,0x55,0x55,0x55,0x11,0x11,0x11,0x11,0x11,0x11,0x11,0x11,
  0x11,0x11,0x11,0x11,0x11,0x11,0x11,0x55,0x55,0x55,0x55,0x55,0x55,0x55,0x55,0x55,
  0x85,0x55,0x55,0x55,0x55,0x55,0x55,0x55,0x55,0x13,0x33,0x22,0x23,0x34,0x43,0x31,
  0x55,0xC5,0x55,0x55,0x85,0x55,0x55,0x55,0x55,0x55,0x55,0x55,0x55,0x55,0x55,0x55,
  0x55,0x55,0x52,0x55,0x55,0x55,0x55,0x55,0x55,0x55,0x55,0x55,0x55,0x02,0x03,0x03,
  0x23,0x22,0x23,0x3E,0x42,0x34,0x55,0x55,0x55,0x43,0x43,0x44,0x44,0x32,0x22,0x45,
  0x55,0x55,0x55,0x55,0x55,0x55,0x55,0x55,0x55,0x55,0x55,0x55,0x55,0x55,0x55,0x55,
  0x55,0x53,0x33,0x10,0x00,0x00,0x00,0x00,0x00,0x00,0x00,0x00,0x00,0x00,0x12,0x22,
  0x25,0x55,0x55,0x55,0x55,0x58,0x55,0x55,0x55,0x55,0x55,0x55,0x54,0x11,0x33,0x31,
  0x4E,0x23,0x32,0x42,0x55,0x55,0x55,0x55,0x55,0x55,0x55,0x55,0x55,0x55,0x55,0x55,
  0x55,0x55,0x55,0x55,0x55,0x55,0x55,0x55,0x55,0x55,0x55,0x55,0x55,0x55,0x55,0x55,
  0x55,0x55,0x55,0x55,0x55,0x55,0x55,0x55,0x55,0x55,0x55,0x55,0x55,0x55,0x55,0x55,
  0x55,0x55,0x55,0x55,0x55,0x55,0x55,0x55,0x55,0x51,0x34,0x33,0x33,0x4E,0xE3,0x15,
  0x55,0x15,0x55,0x55,0x55,0x55,0x55,0x55,0x55,0x55,0x55,0x55,0x55,0x55,0x55,0x55,
  0x55,0x55,0x52,0x55,0x55,0x55,0x55,0x55,0x55,0x55,0x55,0x55,0x55,0x03,0x04,0x03,
  0x24,0x22,0x33,0x4E,0x31,0x13,0x45,0x55,0x55,0x44,0x34,0x44,0x4E,0x22,0x22,0x24,
  0x55,0x55,0x55,0x55,0x55,0x55,0x55,0x55,0x55,0x55,0x55,0x55,0x55,0x55,0x55,0x55,
  0x55,0x34,0x33,0x30,0x00,0x02,0x33,0x20,0x00,0x00,0x02,0x33,0x20,0x00,0x03,0x33,
  0x25,0x55,0x55,0x55,0x55,0x55,0x55,0x55,0x55,0x55,0x55,0x55,0x54,0x12,0x33,0x31,
  0x4E,0x23,0x32,0x42,0x55,0x55,0x55,0x55,0x55,0x55,0x55,0x55,0x55,0x55,0x55,0x55,
  0x55,0x55,0x55,0x55,0x55,0x55,0x55,0x55,0x55,0x55,0x55,0x55,0x55,0x55,0x55,0x55,
  0x55,0x55,0x55,0x55,0x55,0x55,0x55,0x55,0x55,0x55,0x55,0x55,0x55,0x55,0x55,0x55,
  0x55,0x55,0x55,0x55,0x55,0x55,0x55,0x55,0x22,0x10,0x11,0x11,0x11,0x11,0x10,0x12,
  0x88,0x8A,0xA5,0x55,0x55,0x55,0x55,0x55,0x55,0x55,0x55,0x55,0x55,0x55,0x55,0x55,
  0x55,0x55,0x52,0x55,0x55,0xC5,0x55,0x55,0x55,0x55,0x55,0x55,0x55,0x03,0x03,0x02,
  0x33,0x23,0x34,0x4E,0x21,0x11,0x34,0x55,0x55,0x43,0x44,0x44,0x4E,0x22,0x32,0x22,
  0x45,0x55,0x55,0x55,0x55,0x55,0x55,0x55,0x55,0x55,0x55,0x55,0x55,0x55,0x55,0x55,
  0x53,0x13,0x33,0x30,0x11,0x00,0x00,0x33,0x32,0x03,0x33,0x00,0x00,0x11,0x03,0x33,
  0x25,0x55,0x55,0x55,0x55,0x55,0x55,0x55,0x58,0x55,0x55,0x55,0x54,0x12,0x33,0x31,
  0x4E,0x23,0x32,0x42,0x55,0x55,0x55,0x55,0x55,0x55,0x55,0x55,0x55,0x55,0x55,0x55,
  0x55,0x55,0x55,0x55,0x55,0x55,0x55,0x55,0x55,0x55,0x55,0x55,0x55,0x55,0x55,0x55,
  0x55,0x55,0x55,0x55,0x55,0x55,0x55,0x55,0x55,0x55,0x55,0x55,0x55,0x55,0x55,0x55,
  0x55,0x55,0x55,0x55,0x55,0x55,0x55,0x55,0x20,0x00,0x00,0x32,0x34,0x43,0x00,0x00,
  0x00,0x00,0xA5,0x55,0x55,0x55,0x55,0x55,0x55,0x55,0x55,0x55,0x55,0x55,0x55,0x55,
  0x22,0x55,0x51,0x55,0x55,0x25,0x55,0x55,0x55,0x55,0x55,0x55,0x51,0x01,0x02,0x01,
  0x42,0x33,0x44,0x4E,0x11,0x11,0x23,0x45,0x55,0x22,0x22,0x33,0x3E,0x32,0x33,0x22,
  0x45,0x55,0x55,0x55,0x55,0x55,0x55,0x55,0x55,0x55,0x55,0x55,0x55,0x55,0x55,0x55,
  0x31,0x14,0x33,0x30,0x11,0x11,0x11,0x00,0x00,0x00,0x00,0x11,0x11,0x11,0x03,0x33,
  0x25,0x55,0x55,0x55,0x55,0x55,0x55,0x55,0x55,0x55,0x55,0x55,0x54,0x12,0x33,0x21,
  0x4E,0x23,0x32,0x42,0x55,0x55,0x55,0x55,0x55,0x55,0x55,0x55,0x55,0x55,0x55,0x55,
  0x55,0x55,0x55,0x55,0x55,0x55,0x55,0x55,0x55,0x55,0x55,0x55,0x55,0x55,0x55,0x55,
  0x55,0x55,0x55,0x55,0x55,0x55,0x55,0x55,0x55,0x55,0x55,0x55,0x55,0x55,0x55,0x55,
  0x55,0x55,0x55,0x55,0x55,0x55,0x55,0x55,0x20,0x00,0x00,0x32,0x34,0xE4,0x00,0x00,
  0x00,0x00,0x85,0x55,0x55,0x55,0x55,0x55,0x55,0x55,0x55,0x55,0x55,0x55,0x55,0x55,
  0x21,0x22,0x51,0x55,0x55,0x25,0x55,0x55,0x55,0x55,0x55,0x55,0x51,0x02,0x03,0x01,
  0x42,0x33,0x44,0xE4,0x11,0x22,0x22,0x34,0x55,0x54,0x33,0x33,0x33,0xE3,0x33,0x22,
  0x24,0x55,0x55,0x55,0x55,0x55,0x55,0x55,0x55,0x55,0x55,0x55,0x55,0x55,0x55,0x53,
  0x21,0x14,0x33,0x30,0x11,0x44,0x43,0x31,0x11,0x11,0x14,0x44,0x43,0x11,0x03,0x33,
  0x25,0x55,0x55,0x55,0x55,0x55,0x55,0x55,0x55,0x55,0x55,0x55,0x54,0x12,0x33,0x31,
  0x4E,0x23,0x32,0x42,0x55,0x55,0x55,0x55,0x55,0x55,0x55,0x55,0x55,0x55,0x55,0x55,
  0x55,0x55,0x55,0x55,0x55,0x55,0x55,0x55,0x55,0x55,0x55,0x55,0x55,0x55,0x55,0x55,
  0x55,0x55,0x55,0x55,0x55,0x55,0x55,0x55,0x55,0x55,0x55,0x55,0x85,0x55,0x55,0x55,
  0x55,0x55,0x55,0x55,0x55,0x55,0x55,0x55,0x10,0x00,0x00,0x32,0x34,0xE4,0x00,0x00,
  0x00,0x00,0xA5,0x55,0x55,0x55,0x55,0x55,0x55,0x55,0x55,0x55,0x55,0x55,0x55,0x55,
  0x20,0x01,0x22,0x55,0x55,0x25,0x55,0x55,0x55,0x55,0x55,0x55,0x51,0x01,0x02,0x02,
  0x43,0x33,0x44,0xE3,0x12,0x22,0x22,0x34,0x55,0x55,0x44,0x44,0x44,0x4E,0x33,0x32,
  0x23,0x55,0x55,0x55,0x55,0x55,0x55,0x55,0x55,0x55,0x55,0x55,0x55,0x55,0x55,0x53,
  0x21,0x13,0x33,0x30,0x14,0x00,0x00,0x03,0x11,0x11,0x40,0x00,0x00,0x31,0x03,0x33,
  0x25,0x55,0x55,0x55,0x55,0x55,0x55,0x55,0x55,0x55,0x55,0x55,0x53,0x12,0x33,0x21,
  0x4E,0x23,0x32,0x42,0x55,0x55,0x55,0x55,0x55,0x55,0x55,0x55,0x55,0x55,0x55,0x55,
  0x55,0x55,0x55,0x55,0x55,0x55,0x55,0x55,0x55,0x55,0x55,0x55,0x55,0x55,0x55,0x55,
  0x55,0x55,0x55,0x55,0x55,0x55,0x55,0x55,0x55,0x55,0x55,0x55,0x55,0x55,0x55,0x55,
  0x55,0x55,0x55,0x55,0x55,0x55,0x55,0x55,0x20,0x81,0x81,0x11,0x23,0x33,0x18,0x18,
  0x18,0x10,0x85,0x55,0x55,0x55,0x55,0x55,0x55,0x55,0x55,0x55,0x55,0x55,0x55,0x55,
  0x20,0x00,0x01,0x88,0x55,0x15,0x55,0x55,0x55,0x55,0x55,0x55,0x51,0x01,0x03,0x02,
  0x33,0x34,0x44,0xE2,0x22,0x23,0x23,0x45,0x55,0x55,0x54,0xE4,0xE4,0xE4,0xE3,0x33,
  0x23,0x35,0x55,0x55,0x55,0x55,0x55,0x55,0x55,0x55,0x55,0x55,0x55,0x55,0x55,0x53,
  0x21,0x14,0x33,0x30,0x40,0x0C,0xCC,0x00,0x31,0x14,0x00,0xCC,0xB0,0x03,0x03,0x33,
  0x25,0x55,0x55,0x55,0x55,0x55,0x55,0x55,0x55,0x55,0x55,0x55,0x54,0x12,0x32,0x31,
  0x4E,0x23,0x32,0x42,0x55,0x55,0x55,0x55,0x55,0x55,0x55,0x55,0x55,0x55,0x55,0x55,
  0x55,0x55,0x55,0x55,0x55,0x55,0x55,0x55,0x55,0x55,0x55,0x55,0x55,0x55,0x55,0x55,
  0x55,0x55,0x55,0x55,0x55,0x55,0x55,0x55,0x55,0x55,0x55,0x55,0x55,0x55,0x55,0x55,
  0x55,0x55,0x55,0x55,0x55,0x55,0x55,0x55,0x10,0x18,0x11,0x22,0x11,0x10,0x11,0x81,
  0x81,0x80,0xA5,0x55,0x55,0x55,0x55,0x55,0x55,0x55,0x55,0x55,0x55,0x55,0x55,0x55,
  0x20,0x00,0x00,0x01,0x88,0x15,0x55,0x55,0x55,0x55,0x55,0x55,0x51,0x01,0x02,0x03,
  0x33,0x34,0x44,0x42,0x22,0x32,0x33,0x45,0x55,0x55,0x55,0x4E,0x4E,0x4E,0xE4,0x33,
  0x22,0x45,0x55,0x55,0x55,0x55,0x55,0x55,0x55,0x55,0x55,0x55,0x55,0x55,0x55,0x53,
  0x21,0x14,0x33,0x30,0x40,0xA9,0x99,0xC0,0x31,0x14,0x0B,0x99,0x9B,0x03,0x03,0x33,
  0x25,0x55,0x55,0x55,0x55,0x55,0x55,0x55,0x55,0x55,0x55,0x55,0x53,0x12,0x23,0x21,
  0x4E,0x23,0x32,0x42,0x55,0x55,0x55,0x55,0x55,0x55,0x55,0x55,0x55,0x55,0x55,0x55,
  0x55,0x55,0x55,0x55,0x55,0x55,0x55,0x55,0x55,0x55,0x55,0x55,0x55,0x55,0x55,0x55,
  0x55,0x55,0x55,0x55,0x55,0x55,0x55,0x55,0x55,0x55,0x55,0x55,0x55,0x55,0x55,0x55,
  0x55,0x55,0x55,0x55,0x55,0x55,0x55,0x55,0x10,0x00,0x01,0x32,0x34,0x31,0x00,0x00,
  0x00,0x00,0x85,0x55,0x55,0x55,0x55,0x55,0x55,0x55,0x55,0x55,0x55,0x55,0x55,0x55,
  0x20,0x00,0x00,0x00,0x01,0x8A,0x55,0xC5,0x55,0x55,0x55,0x55,0x21,0x01,0x01,0x04,
  0x33,0x44,0x44,0xE2,0x23,0x23,0x34,0x55,0x55,0x55,0x55,0x54,0x44,0x44,0x4E,0x33,
  0x32,0x35,0x55,0x55,0x55,0x55,0x55,0x55,0x55,0x55,0x55,0x55,0x55,0x55,0x55,0x53,
  0x21,0x14,0x33,0x30,0x40,0x99,0x99,0xC0,0x21,0x14,0x09,0x99,0x9A,0x03,0x03,0x33,
  0x25,0x55,0x55,0x55,0x55,0x55,0x55,0x55,0x55,0x55,0x55,0x55,0x53,0x12,0x32,0x31,
  0x4E,0x23,0x31,0x32,0x55,0x55,0x55,0x55,0x55,0x55,0x55,0x55,0x55,0x55,0x55,0x55,
  0x55,0x55,0x55,0x55,0x55,0x55,0x55,0x55,0x55,0x55,0x55,0x55,0x55,0x55,0x55,0x55,
  0x55,0x55,0x55,0x55,0x55,0x55,0x55,0x55,0x55,0x55,0x55,0x55,0x55,0x55,0x55,0x55,
  0x55,0x55,0x55,0x55,0x55,0x55,0x55,0x55,0x10,0x00,0x12,0x32,0x4E,0x43,0x00,0x00,
  0x00,0x00,0x85,0x55,0x55,0x55,0x55,0x55,0x55,0x55,0x59,0x55,0x55,0x55,0x55,0x55,
  0x22,0x22,0x11,0x10,0x00,0x01,0xAA,0x55,0x55,0x55,0x55,0x52,0x10,0x00,0x00,0x04,
  0x33,0x44,0x44,0x42,0x22,0x33,0x34,0x55,0x55,0x55,0x55,0x53,0x43,0x44,0x4E,0x43,
  0x32,0x33,0x55,0x55,0x55,0x55,0x55,0x55,0x55,0x55,0x55,0x55,0x55,0x55,0x55,0x53,
  0x21,0x14,0x33,0x30,0x30,0xA9,0x99,0xB0,0x21,0x14,0x09,0x99,0x9A,0x03,0x03,0x33,
  0x25,0x55,0x55,0x55,0x55,0x55,0x55,0x55,0x55,0x55,0x55,0x55,0x53,0x11,0x23,0x21,
  0x4E,0x23,0x31,0x42,0x55,0x55,0x55,0x55,0x55,0x55,0x55,0x55,0x55,0x55,0x55,0x55,
  0x55,0x55,0x55,0x55,0x55,0x55,0x55,0x55,0x55,0x55,0x55,0x55,0x55,0x55,0x55,0x55,
  0x55,0x55,0x55,0x55,0x55,0x55,0x55,0x55,0x55,0x55,0x55,0x55,0x55,0x55,0x55,0x55,
  0x55,0x55,0x55,0x55,0x55,0x55,0x55,0x55,0x10,0x00,0x13,0x32,0x4E,0x43,0x00,0x02,
  0x00,0x20,0x85,0x55,0x55,0x55,0x55,0x55,0x55,0x55,0x52,0x55,0x55,0x55,0x55,0x55,
  0x01,0x01,0x01,0x00,0x00,0x00,0x01,0xAA,0x55,0x55,0x55,0x52,0x00,0x00,0x00,0x04,
  0x33,0x44,0x44,0xE2,0x23,0x23,0x34,0x55,0x55,0x55,0x55,0x55,0x34,0x34,0x44,0xE3,
  0x32,0x34,0x55,0x55,0x55,0x55,0x55,0x55,0x55,0x55,0x55,0x55,0x55,0x55,0x55,0x53,
  0x21,0x14,0x33,0x30,0x30,0x0A,0xBB,0x00,0x21,0x14,0x00,0x9B,0xA0,0x02,0x03,0x33,
  0x25,0x55,0x55,0x55,0x55,0x55,0x55,0x55,0x55,0x55,0x55,0x55,0x53,0x01,0x32,0x21,
  0x3E,0x23,0x31,0x42,0x55,0x55,0x55,0x55,0x55,0x55,0x55,0x55,0x55,0x55,0x55,0x55,
  0x55,0x55,0x55,0x55,0x55,0x55,0x55,0x55,0x55,0x55,0x55,0x51,0x00,0x15,0x10,0x00,
  0x15,0x55,0x55,0x55,0x55,0x55,0x55,0x55,0x55,0x55,0x55,0x55,0x55,0x55,0x55,0x55,
  0x55,0x55,0x55,0x55,0x55,0x55,0x55,0x55,0x10,0x01,0x01,0x13,0x44,0x32,0x00,0x00,
  0x00,0x00,0x85,0x55,0x55,0x55,0x55,0x55,0x55,0x55,0x52,0x55,0x55,0x55,0x55,0x55,
  0x22,0x22,0x22,0x22,0x11,0x01,0x00,0x1A,0x55,0x55,0x55,0x52,0x01,0x01,0x01,0x04,
  0x34,0x44,0x44,0xE2,0x22,0x33,0x34,0x55,0x55,0x55,0x55,0x55,0x43,0x44,0x44,0xE3,
  0x32,0x33,0x55,0x55,0x55,0x55,0x55,0x55,0x55,0x55,0x55,0x55,0x55,0x55,0x55,0x53,
  0x21,0x14,0x33,0x30,0x13,0x00,0x00,0x02,0x01,0x11,0x30,0x00,0x00,0x20,0x03,0x33,
  0x25,0x55,0x55,0x55,0x55,0x55,0x55,0x55,0x55,0x55,0x55,0x55,0x53,0x01,0x23,0x21,
  0x34,0x23,0x31,0x32,0x55,0x55,0x55,0x55,0x55,0x55,0x55,0x55,0x55,0x55,0x55,0x55,
  0x55,0x55,0x55,0x55,0x55,0x55,0x55,0x55,0x55,0x55,0x51,0x13,0x33,0x21,0x23,0x33,
  0x31,0x55,0x55,0x55,0x55,0x55,0x55,0x55,0x55,0x55,0x55,0x55,0x55,0x55,0x55,0x55,
  0x55,0x55,0x55,0x55,0x55,0x55,0x55,0x55,0x00,0x01,0x23,0x32,0x12,0x10,0x00,0x00,
  0x00,0x00,0x85,0x55,0x55,0x55,0x55,0x55,0x55,0x55,0x51,0x55,0x55,0x55,0x55,0x55,
  0x20,0x00,0x00,0x00,0x00,0x00,0x00,0x0A,0x55,0x55,0x55,0x52,0x01,0x01,0x01,0x04,
  0x34,0x44,0x44,0xE2,0x23,0x33,0x34,0x25,0x55,0x55,0x55,0x55,0x33,0x33,0x34,0xE3,
  0x22,0x33,0x55,0x55,0x55,0x55,0x55,0x55,0x55,0x55,0x55,0x55,0x55,0x55,0x55,0x53,
  0x21,0x24,0x33,0x30,0x11,0x33,0x22,0x20,0x11,0x11,0x13,0x32,0x22,0x01,0x03,0x33,
  0x25,0x55,0x55,0x55,0x55,0x55,0x55,0x55,0x55,0x55,0x55,0x55,0x53,0x01,0x22,0x21,
  0x34,0x23,0x31,0x42,0x55,0x55,0x55,0x55,0x55,0x55,0x55,0x55,0x55,0x55,0x55,0x55,
  0x11,0x55,0x55,0x55,0x55,0x55,0x55,0x55,0x51,0x00,0x01,0x34,0x44,0x31,0x34,0x44,
  0x33,0x11,0x00,0x55,0x55,0x55,0x55,0x55,0x55,0x55,0x55,0x55,0x55,0x55,0x55,0x55,
  0x55,0x55,0x55,0x55,0x55,0x55,0x55,0x55,0x10,0x01,0x33,0x4E,0x31,0x00,0x23,0x24,
  0x24,0x23,0x55,0x55,0x55,0x55,0x55,0x55,0x55,0x55,0x52,0x55,0x55,0x55,0x55,0x55,
  0x10,0x00,0x00,0x00,0x00,0x00,0x00,0x0A,0x55,0x55,0x55,0x52,0x01,0x01,0x01,0x04,
  0x44,0x44,0x44,0xE3,0x23,0x33,0x34,0x15,0x55,0x55,0x55,0x55,0x33,0x33,0x44,0xE3,
  0x22,0x23,0x55,0x55,0x55,0x55,0x55,0x55,0x55,0x55,0x55,0x55,0x55,0x55,0x55,0x53,
  0x22,0x24,0x33,0x30,0x11,0x10,0x00,0x01,0x11,0x11,0x10,0x00,0x00,0x11,0x03,0x33,
  0x25,0x55,0x55,0x55,0x55,0x55,0x55,0x55,0x55,0x55,0x55,0x55,0x53,0x00,0x00,0x00,
  0x34,0x22,0x31,0x32,0x55,0x55,0x55,0x55,0x55,0x55,0x55,0x55,0x55,0x55,0x55,0x55,
  0x33,0x15,0x55,0x55,0x55,0x55,0x55,0x51,0x13,0x44,0x31,0x44,0x44,0x42,0x44,0xEE,
  0x43,0x12,0x33,0x00,0x55,0x55,0x55,0x55,0x55,0x55,0x55,0x55,0x55,0x55,0x55,0x55,
  0x55,0x55,0x55,0x55,0x55,0x55,0x55,0x55,0x00,0x12,0x34,0xE4,0x32,0x10,0x00,0x00,
  0x00,0x00,0x85,0x55,0x55,0x55,0x55,0x55,0x55,0x5B,0x51,0x55,0x55,0x55,0x55,0x55,
  0x15,0x55,0x58,0x68,0x66,0x66,0x68,0x58,0x55,0x55,0x55,0x52,0x02,0x01,0x01,0x03,
  0x44,0x44,0x44,0xE4,0x23,0x33,0x34,0x21,0x11,0x11,0x11,0x11,0x22,0x24,0x4E,0x43,
  0x22,0x23,0x55,0x55,0x55,0x55,0x55,0x55,0x55,0x55,0x55,0x55,0x55,0x55,0x55,0x53,
  0x22,0x3E,0x33,0x30,0x11,0x11,0x11,0x11,0x11,0x11,0x11,0x11,0x11,0x11,0x03,0x33,
  0x25,0x55,0x55,0x55,0x55,0x55,0x55,0x55,0x55,0x55,0x55,0x55,0x52,0x24,0x44,0x33,
  0x22,0x22,0x21,0x22,0x55,0x55,0x55,0x55,0x55,0x55,0x55,0x55,0x55,0x55,0x55,0x55,
  0x44,0x31,0x11,0x11,0x11,0x11,0x00,0x12,0x34,0x44,0x42,0x44,0x43,0x31,0x34,0x44,
  0x42,0x23,0x44,0x31,0x05,0x55,0x55,0x55,0x55,0x55,0x55,0x55,0x55,0x55,0x55,0x55,
  0x55,0x55,0x55,0x55,0x55,0x55,0x55,0x55,0x01,0x10,0x24,0x43,0x22,0x10,0x00,0x00,
  0x00,0x00,0x85,0x55,0x55,0x55,0x55,0x55,0x55,0x55,0x51,0x55,0x55,0x55,0x55,0x55,
  0x20,0x00,0x00,0x00,0x00,0x00,0x00,0x0A,0x55,0x55,0x55,0x52,0x03,0x01,0x04,0x03,
  0x4E,0x4E,0x4E,0x4E,0x23,0x33,0x33,0x41,0x34,0x4E,0xE4,0x33,0xEE,0x42,0x24,0x32,
  0x22,0x23,0x55,0x55,0x55,0x55,0x55,0x55,0x55,0x55,0x55,0x55,0x55,0x55,0x55,0x53,
  0x23,0xEE,0xEE,0x40,0x00,0x00,0x00,0x00,0x00,0x00,0x00,0x00,0x00,0x00,0x04,0x44,
  0x25,0x55,0x55,0x55,0x55,0x55,0x55,0x55,0x55,0x55,0x55,0x55,0x24,0x43,0x22,0x22,
  0x34,0x32,0x33,0x12,0x35,0x55,0x55,0x55,0x55,0x55,0x55,0x55,0x55,0x55,0x55,0x55,
  0x34,0x41,0x13,0x33,0x31,0x23,0x33,0x12,0x34,0x44,0x31,0x33,0x22,0x20,0x22,0x23,
  0x31,0x34,0x4E,0x42,0x10,0x01,0x55,0x55,0x55,0x55,0x55,0x55,0x55,0x55,0x55,0x55,
  0x55,0x55,0x55,0x55,0x55,0x55,0x55,0x50,0x12,0x33,0x13,0x32,0x21,0x00,0x23,0x24,
  0x24,0x23,0x55,0x55,0x55,0x55,0x55,0x55,0x55,0x52,0x22,0x88,0x55,0x55,0x55,0x55,
  0x19,0x99,0x99,0x99,0xAA,0xBB,0xBA,0x98,0x55,0x55,0x55,0x52,0x02,0x02,0x02,0x01,
  0x44,0xE4,0xE4,0xEE,0x33,0x33,0x33,0x42,0x34,0x44,0x43,0x44,0x44,0x44,0x44,0x22,
  0x22,0x23,0x55,0x55,0x55,0x55,0x55,0x55,0x55,0x55,0x55,0x55,0x55,0x55,0x55,0x53,
  0x3E,0x43,0x33,0x23,0x33,0x33,0x33,0x33,0x33,0x33,0x33,0x33,0x33,0x33,0x33,0x22,
  0x55,0x55,0x55,0x55,0x55,0x55,0x55,0x55,0x55,0x55,0x55,0x55,0x43,0x22,0x34,0x43,
  0x23,0x43,0x23,0x31,0x23,0x55,0x55,0x55,0x55,0x55,0x55,0x55,0x55,0x55,0x55,0x55,
  0x23,0x41,0x34,0x44,0x31,0x34,0x44,0x32,0x33,0x32,0x20,0x22,0x23,0x30,0x33,0x22,
  0x12,0x23,0x44,0x43,0x12,0x33,0x11,0x55,0x55,0x55,0x55,0x55,0x55,0x55,0x55,0x55,
  0x55,0x55,0x55,0x55,0x55,0x55,0x51,0x01,0x33,0x4E,0x30,0x12,0x10,0x00,0x00,0x00,
  0x00,0x00,0x85,0x55,0x55,0x55,0x55,0x55,0x52,0x20,0x00,0x00,0x88,0x55,0x55,0x55,
  0x10,0x00,0x00,0x00,0x00,0x00,0x00,0x08,0x55,0x55,0x55,0x52,0x03,0x01,0x01,0x00,
  0x3E,0x4E,0x4E,0xEE,0x33,0x33,0x33,0x42,0x24,0x44,0x24,0x44,0x33,0x33,0x22,0x42,
  0x22,0x35,0x55,0x55,0x55,0x55,0x55,0x55,0x55,0x55,0x55,0x55,0x55,0x55,0x55,0x53,
  0xE4,0x33,0x21,0x13,0x00,0x00,0x00,0x00,0x00,0x00,0x00,0x00,0x00,0x00,0x03,0x25,
  0x55,0x55,0x55,0x55,0x55,0x55,0x55,0x55,0x55,0x55,0x55,0x54,0x32,0x34,0x44,0x44,
  0x32,0x34,0x32,0x33,0x14,0x55,0x55,0x55,0x55,0x55,0x55,0x55,0x55,0x55,0x55,0x55,
  0x22,0x31,0x34,0x44,0x42,0x34,0x44,0x31,0x22,0x23,0x32,0x13,0x32,0x00,0x02,0x33,
  0x03,0x22,0x33,0x32,0x34,0x44,0x31,0x01,0x11,0x15,0x55,0x55,0x55,0x55,0x55,0x55,
  0x55,0x55,0x55,0x55,0x55,0x51,0x13,0x31,0x34,0xE4,0x32,0x01,0x00,0x00,0x00,0x00,
  0x00,0x00,0x25,0x55,0x55,0x55,0x55,0x55,0x20,0x00,0x00,0x00,0x00,0x85,0x55,0x55,
  0x10,0x00,0x00,0x00,0x00,0x00,0x00,0x08,0x55,0x55,0x55,0x52,0x0E,0x01,0x02,0x00,
  0x34,0xE4,0xE4,0xEE,0x33,0x33,0x33,0x34,0x23,0x32,0x44,0x43,0x43,0x33,0x33,0x24,
  0x22,0x35,0x55,0x55,0x55,0x55,0x55,0x55,0x55,0x55,0x55,0x55,0x55,0x55,0x55,0x53,
  0x33,0x32,0x11,0x13,0x04,0x44,0x24,0x44,0x24,0x44,0x24,0x44,0x24,0x44,0x03,0x55,
  0x55,0x55,0x55,0x55,0x55,0x55,0x55,0x55,0x55,0x55,0x55,0x54,0x23,0x33,0x22,0x24,
  0x43,0x23,0x42,0x33,0x13,0x45,0x55,0x55,0x55,0x55,0x55,0x55,0x55,0x55,0x55,0x55,
  0x12,0x12,0x33,0x33,0x30,0x33,0x33,0x30,0x12,0x22,0x11,0x00,0x11,0x55,0x51,0x10,
  0x02,0x33,0x22,0x31,0x33,0x4E,0x43,0x03,0x33,0x21,0x55,0x55,0x55,0x55,0x55,0x55,
  0x55,0x55,0x55,0x51,0x00,0x13,0x34,0xE4,0x24,0x43,0x23,0x10,0x01,0x21,0x23,0x74,
  0x74,0x23,0x55,0x55,0x55,0x55,0x55,0x52,0x00,0x00,0x00,0x00,0x00,0x02,0x55,0x55,
  0x10,0x00,0x00,0x00,0x00,0x00,0x00,0x02,0x55,0x55,0x55,0x52,0x0E,0x02,0x01,0x00,
  0x13,0xEE,0xEE,0xEE,0x43,0x33,0x33,0x33,0x32,0x32,0x44,0x34,0x33,0x33,0x33,0x34,
  0x32,0x25,0x55,0x55,0x55,0x55,0x55,0x55,0x55,0x55,0x55,0x55,0x55,0x55,0x55,0x55,
  0x55,0x21,0x11,0x13,0x0E,0xEE,0x3E,0xEE,0x3E,0xEE,0x3E,0xEE,0x3E,0xEE,0x03,0x55,
  0x55,0x55,0x55,0x55,0x55,0x55,0x55,0x55,0x55,0x55,0x55,0x43,0x23,0x32,0x4E,0x42,
  0x34,0x23,0x43,0x23,0x31,0x45,0x55,0x55,0x55,0x55,0x55,0x55,0x55,0x55,0x55,0x55,
  0x01,0x02,0x22,0x22,0x20,0x22,0x22,0x21,0x01,0x11,0x55,0x55,0x55,0x55,0x55,0x55,
  0x50,0x22,0x33,0x03,0x22,0x33,0x43,0x14,0x44,0x31,0x00,0x01,0x15,0x55,0x55,0x55,
  0x51,0x10,0x00,0x13,0x33,0x14,0x4E,0x43,0x13,0x22,0x31,0x00,0x00,0x00,0x00,0x00,
  0x00,0x00,0x25,0x55,0x55,0x55,0x55,0x10,0x00,0x00,0x00,0x00,0x00,0x00,0x25,0x88,
  0x10,0x12,0x12,0x66,0x66,0x66,0x61,0x08,0x55,0x55,0x55,0x52,0x04,0x04,0x01,0x00,
  0x03,0x4E,0xEE,0xEE,0xE3,0x33,0x33,0x33,0x32,0x24,0x43,0x43,0x33,0x22,0x22,0x33,
  0x42,0x25,0x55,0x55,0x55,0x55,0x55,0x55,0x55,0x55,0x55,0x55,0x55,0x55,0x55,0x55,
  0x55,0x31,0x11,0x13,0x0E,0xEE,0x3E,0xEE,0x2E,0xEE,0x2E,0xEE,0x3E,0xEE,0x03,0x55,
  0x55,0x55,0x55,0x55,0x55,0x55,0x55,0x55,0x55,0x55,0x55,0xE2,0x33,0x23,0x34,0xE4,
  0x23,0x32,0x34,0x23,0x31,0x45,0x55,0x55,0x55,0x55,0x55,0x55,0x55,0x55,0x55,0x55,
  0x50,0x01,0x33,0x33,0x30,0x23,0x33,0x10,0x55,0x85,0x88,0x88,0x88,0x85,0x88,0x85,
  0x85,0x01,0x22,0x02,0x33,0x22,0x31,0x23,0x4E,0x43,0x13,0x33,0x21,0x10,0x00,0x01,
  0x12,0x33,0x31,0x34,0x4E,0x24,0x43,0x32,0x20,0x33,0x10,0x00,0x00,0x00,0x00,0x00,
  0x00,0x00,0x25,0x88,0x88,0x58,0x55,0x10,0x10,0x01,0x58,0x80,0x00,0x10,0x25,0x55,
  0x10,0x00,0x00,0x00,0x00,0x00,0x00,0x02,0x85,0x85,0x55,0x51,0x02,0x04,0x01,0x01,
  0x01,0x34,0x44,0x44,0x4E,0x33,0x23,0x33,0x33,0x24,0x43,0x43,0x33,0x24,0x42,0x23,
  0x43,0x28,0x85,0x85,0x85,0x55,0x55,0x55,0x55,0x55,0x55,0x55,0x55,0x55,0x55,0x85,
  0x88,0x32,0x11,0x13,0x04,0x33,0x32,0x22,0x22,0x22,0x22,0x22,0x33,0x44,0x03,0x88,
  0x88,0x85,0x88,0x58,0x55,0x55,0x58,0x58,0x58,0x88,0x88,0xE2,0x33,0x23,0x33,0xE4,
  0x23,0x32,0x34,0x23,0x41,0x38,0x88,0x88,0x88,0x88,0x58,0x85,0x85,0x55,0x55,0x55,
  0x55,0x50,0x00,0x00,0x01,0x00,0x00,0x05,0x55,0x55,0x55,0x55,0x55,0x55,0x55,0x55,
  0x55,0x55,0x10,0x01,0x23,0x32,0x20,0x22,0x34,0x43,0x24,0x44,0x33,0x13,0x33,0x33,
  0x13,0x44,0x41,0x44,0xE4,0x31,0x22,0x23,0x30,0x10,0x00,0x12,0x23,0x27,0x27,0x27,
  0x27,0x23,0x55,0x55,0x55,0x55,0x51,0x01,0x00,0x55,0x55,0x80,0x00,0x01,0x02,0x55,
  0x10,0x12,0x12,0x66,0x65,0x55,0x11,0x02,0x55,0x55,0x55,0x52,0x02,0x06,0x06,0x01,
  0x00,0x34,0x44,0x44,0x4E,0x43,0x32,0x32,0x32,0x24,0x43,0xE3,0x32,0x43,0x33,0x23,
  0x34,0x35,0x55,0x55,0x55,0x55,0x55,0x55,0x55,0x55,0x55,0x55,0x55,0x55,0x55,0x55,
  0x55,0x32,0x11,0x13,0x0E,0xEE,0x3E,0xEE,0x2E,0xEE,0x2E,0xEE,0x3E,0xEE,0x03,0x25,
  0x55,0x55,0x55,0x55,0x55,0x55,0x55,0x55,0x55,0x55,0x55,0x42,0x34,0x23,0x33,0x44,
  0x23,0x32,0x34,0x34,0x32,0x35,0x55,0x55,0x55,0x55,0x55,0x55,0x55,0x55,0x55,0x55,
  0x55,0x55,0x55,0x55,0x55,0x55,0x55,0x55,0x55,0x55,0x55,0x55,0x55,0x55,0x55,0x55,
  0x55,0x55,0x55,0x55,0x11,0x22,0x12,0x33,0x22,0x22,0x13,0x4E,0xE4,0x24,0x44,0x44,
  0x24,0xEE,0x42,0x34,0x43,0x21,0x23,0x33,0x21,0x00,0x00,0x00,0x00,0x00,0x00,0x00,
  0x00,0x00,0x25,0x55,0x55,0x55,0x51,0x01,0x01,0x55,0x00,0x05,0x88,0x11,0x02,0x88,
  0x10,0x00,0x00,0x00,0x00,0x00,0x00,0x02,0x55,0x55,0x55,0x52,0x02,0x06,0x01,0x01,
  0x00,0x13,0x44,0x44,0x44,0xE4,0x33,0x23,0x23,0x14,0x43,0xE3,0x32,0x43,0x33,0x23,
  0x34,0x35,0x55,0x55,0x55,0x55,0x55,0x55,0x55,0x55,0x55,0x55,0x55,0x55,0x55,0x55,
  0x55,0x32,0x11,0x13,0x0E,0xEE,0x3E,0xEE,0x3E,0xEE,0x3E,0xEE,0x3E,0xEE,0x03,0x09,
  0x55,0x55,0x55,0x55,0x55,0x55,0x55,0x55,0x55,0x55,0x55,0x43,0x34,0x42,0x33,0x42,
  0x33,0x23,0x42,0x43,0x43,0x35,0x55,0x55,0x55,0x55,0x55,0x55,0x55,0x55,0x55,0x55,
  0x88,0x88,0x88,0x88,0x88,0x88,0x88,0x88,0x88,0x88,0x88,0x88,0x88,0x88,0x88,0x85,
  0x88,0x85,0x85,0x55,0x55,0x10,0x01,0x23,0x33,0x31,0x22,0x33,0x44,0x24,0x4E,0xE4,
  0x23,0x44,0x32,0x23,0x22,0x20,0x12,0x21,0x00,0x00,0x00,0x00,0x00,0x00,0x00,0x00,
  0x00,0x00,0x18,0x88,0x88,0x88,0x10,0x01,0x05,0x50,0x00,0x05,0x51,0x00,0x10,0x25,
  0x10,0x02,0x02,0x11,0x01,0x66,0x21,0x02,0x88,0x88,0x58,0x52,0x01,0x06,0x06,0x01,
  0x00,0x03,0x44,0x44,0x44,0x4E,0x42,0x32,0x32,0x14,0x43,0xE3,0x33,0x43,0x33,0x23,
  0x34,0x38,0x88,0x88,0x88,0x88,0x85,0x88,0x85,0x85,0x55,0x55,0x85,0x88,0x88,0x88,
  0x88,0x32,0x12,0x13,0x0E,0xEE,0x4E,0xEE,0x4E,0xEE,0x4E,0xEE,0x4E,0xEE,0x03,0x00,
  0x98,0x88,0x88,0x88,0x58,0x55,0x85,0x88,0x88,0x88,0x88,0x84,0x23,0x44,0x22,0x23,
  0x33,0x23,0x42,0x3E,0x43,0x88,0x88,0x88,0x88,0x88,0x88,0x88,0x88,0x85,0x85,0x55,
  0x55,0x55,0x55,0x55,0x55,0x55,0x55,0x55,0x55,0x5C,0x55,0x55,0x55,0x55,0x55,0x55,
  0x55,0x55,0x55,0x55,0x55,0x55,0x55,0x11,0x23,0x30,0x33,0x22,0x22,0x13,0x33,0x33,
  0x13,0x33,0x22,0x12,0x23,0x31,0x00,0x00,0x00,0x01,0x00,0x20,0x02,0x23,0x24,0x24,
  0x24,0x23,0x25,0x55,0x55,0x55,0x11,0x11,0x05,0x50,0x00,0x00,0x00,0x00,0x11,0x25,
  0x10,0x00,0x00,0x00,0x00,0x00,0x00,0x01,0x55,0x55,0x55,0x51,0x02,0x02,0x01,0x01,
  0x00,0x00,0x34,0x4E,0xEE,0xEE,0xE4,0x23,0x22,0x13,0x43,0xE4,0x33,0x33,0x32,0x33,
  0x33,0x25,0x55,0x55,0x55,0x55,0x55,0x55,0x55,0x55,0x55,0x55,0x55,0x55,0x55,0x55,
  0x55,0x32,0x12,0x13,0x00,0x00,0x00,0x00,0x00,0x00,0x00,0x00,0x00,0x00,0x03,0x00,
  0x95,0x55,0x55,0x55,0x55,0x55,0x55,0x55,0x55,0x55,0x55,0x54,0x23,0x34,0x44,0x43,
  0x32,0x3E,0x23,0xE4,0x23,0x55,0x55,0x55,0x55,0x55,0x55,0x55,0x55,0x55,0x55,0x55,
  0x55,0x55,0x55,0x55,0x55,0x55,0x55,0x55,0x55,0x51,0x55,0x55,0x55,0x55,0x55,0x55,
  0x55,0x55,0x55,0x55,0x55,0x55,0x55,0x55,0x10,0x00,0x12,0x33,0x32,0x02,0x22,0x22,
  0x02,0x22,0x33,0x02,0x33,0x10,0x01,0x55,0x00,0x00,0x00,0x00,0x00,0x00,0x00,0x00,
  0x00,0x00,0x25,0x55,0x55,0x55,0x10,0x00,0x05,0x50,0x00,0x0A,0xA1,0x00,0x00,0x15,
  0x10,0x00,0x00,0x01,0x11,0x62,0x21,0x01,0x55,0x55,0x55,0x52,0x01,0x01,0x06,0x02,
  0x00,0x00,0x03,0x44,0xEE,0xEE,0xEE,0x42,0x22,0x13,0x44,0x3E,0x33,0x32,0x23,0x32,
  0x33,0x25,0x55,0x55,0x55,0x55,0x55,0x55,0x55,0x55,0x55,0x55,0x55,0x55,0x55,0x55,
  0x55,0x32,0x22,0x13,0x33,0x33,0x33,0x33,0x33,0x33,0x33,0x33,0x33,0x33,0x33,0x00,
  0x95,0x55,0x55,0x55,0x55,0x55,0x55,0x55,0x55,0x55,0x55,0x02,0x42,0x23,0x33,0x33,
  0x23,0xE2,0x4E,0x42,0x35,0x55,0x55,0x55,0x55,0x55,0x55,0x55,0x55,0x55,0x55,0x55,
  0x88,0x88,0x88,0x88,0x88,0x88,0x88,0x88,0x81,0x11,0x88,0x88,0x88,0x88,0x88,0x88,
  0x88,0x88,0x88,0x88,0x85,0x88,0x58,0x55,0x55,0x55,0x51,0x00,0x00,0x01,0x33,0x31,
  0x02,0x33,0x21,0x01,0x10,0x01,0x88,0x88,0x00,0x00,0x00,0x00,0x00,0x00,0x00,0x00,
  0x00,0x00,0x18,0x88,0x88,0x88,0x11,0x10,0x01,0x55,0x00,0x09,0x9A,0x10,0x01,0x11,
  0x10,0x00,0x00,0x00,0x00,0x00,0x00,0x02,0x88,0x88,0x88,0x81,0x04,0x01,0x01,0x01,
  0x01,0x00,0x00,0x34,0x4E,0xEE,0xEE,0xE4,0x22,0x21,0x44,0x4E,0x33,0x33,0x33,0x22,
  0x32,0x28,0x88,0x88,0x88,0x88,0x88,0x88,0x88,0x88,0x88,0x88,0x88,0x88,0x88,0x88,
  0x88,0x32,0x22,0xEE,0xEE,0xEE,0xEE,0xEE,0xEE,0xEE,0x4E,0xE4,0xE4,0x44,0x42,0x00,
  0x09,0x88,0x88,0x88,0x88,0x88,0x88,0x8F,0x88,0x88,0x80,0x33,0x23,0x32,0x22,0x22,
  0xEE,0x24,0x42,0x23,0x88,0x88,0x88,0x88,0x88,0x88,0x88,0x88,0x88,0x88,0x88,0x88,
  0x55,0x55,0x55,0x55,0x55,0x55,0x55,0x51,0x10,0x00,0x11,0x55,0x55,0x55,0x55,0x55,
  0x55,0x55,0x55,0x55,0x55,0x55,0x55,0x55,0x55,0x55,0x55,0x55,0x51,0x00,0x00,0x00,
  0x00,0x00,0x00,0x00,0x00,0x01,0x55,0x55,0x10,0x01,0x00,0x10,0x03,0x00,0x31,0x13,
  0x11,0x30,0x25,0x55,0x55,0x51,0x00,0x01,0x00,0x55,0x58,0x80,0x00,0x00,0x10,0x00,
  0x10,0x01,0x11,0x12,0x26,0x77,0x22,0x01,0x55,0x55,0x55,0x51,0x02,0x01,0x06,0x02,
  0x01,0x00,0x00,0x03,0x44,0x44,0x44,0x44,0x42,0x20,0x34,0x4E,0x43,0x33,0x32,0x22,
  0x32,0x55,0x55,0x55,0x55,0x55,0x55,0x55,0x55,0x55,0x55,0x55,0x55,0x55,0x55,0x55,
  0x55,0x33,0x2E,0x44,0x44,0x34,0x33,0x33,0x33,0x33,0x33,0x33,0x33,0x34,0x20,0x00,
  0x02,0x55,0x55,0x55,0x55,0x55,0x50,0x00,0x55,0x55,0x03,0x30,0x12,0x23,0x33,0x44,
  0x22,0x22,0x25,0x55,0x55,0x55,0x55,0x55,0x55,0x55,0x55,0x55,0x55,0x55,0x55,0x55,
  0x88,0x88,0x88,0x88,0x88,0x88,0x88,0x10,0x00,0x00,0x00,0x18,0x88,0x88,0x88,0x88,
  0x88,0x88,0x88,0x88,0x88,0x88,0x88,0x88,0x88,0x88,0x88,0x88,0x80,0x00,0x00,0x00,
  0x00,0x00,0x00,0x00,0x00,0x01,0x88,0x88,0x00,0x00,0x00,0x00,0x00,0x00,0x00,0x00,
  0x00,0x00,0x18,0x88,0x88,0x81,0x11,0x10,0x10,0x01,0x55,0x50,0x00,0x01,0x01,0x11,
  0x10,0x00,0x00,0x00,0x00,0x00,0x00,0x01,0x88,0x88,0x88,0x81,0x01,0x01,0x04,0x01,
  0x02,0x00,0x00,0x01,0x23,0x33,0x33,0x33,0x33,0x30,0x33,0x44,0xE3,0x32,0x22,0x24,
  0x20,0x88,0x88,0x88,0x88,0x88,0x88,0x88,0x88,0x88,0x88,0x88,0x88,0x88,0x88,0x88,
  0x88,0x33,0xE3,0x33,0x33,0x33,0x11,0x11,0x11,0x13,0x33,0x33,0x33,0x42,0x00,0x00,
  0x09,0x88,0x88,0x88,0x88,0x88,0x80,0x00,0x88,0x80,0x33,0x02,0x21,0x11,0x22,0x22,
  0x23,0x33,0x88,0x88,0x88,0x88,0x88,0x88,0x88,0x88,0x88,0x88,0x88,0x88,0x88,0x88,
  0x88,0x88,0x88,0x88,0x88,0x88,0x88,0x00,0x00,0x00,0x00,0x18,0x88,0x88,0x88,0x88,
  0x88,0x88,0x88,0x88,0x88,0x88,0x88,0x88,0x88,0x88,0x88,0x88,0x81,0x00,0x01,0x01,
  0x01,0x01,0x01,0x01,0x01,0x02,0x88,0x88,0x10,0x00,0x00,0x00,0x00,0x00,0x00,0x00,
  0x00,0x00,0x18,0x88,0x88,0x81,0x00,0x01,0x00,0x00,0x00,0x00,0x00,0x00,0x10,0x00,
  0x10,0x12,0x10,0x00,0x11,0x12,0x22,0x01,0x88,0x88,0x88,0x81,0x01,0x01,0x02,0x02,
  0x02,0x01,0x01,0x01,0x52,0x22,0x21,0x11,0x10,0x02,0x23,0x33,0x4E,0x44,0x33,0x42,
  0x02,0x08,0x88,0x88,0x88,0x88,0x88,0x88,0x88,0x88,0x88,0x88,0x88,0x88,0x88,0x88,
  0x88,0x34,0x33,0x33,0x33,0x31,0x23,0x44,0x44,0x31,0x33,0x33,0x34,0x20,0x00,0x00,
  0x02,0x88,0x88,0x80,0x00,0x08,0x80,0x00,0x88,0x04,0x30,0x22,0x22,0x12,0x34,0xE2,
  0x34,0x38,0x88,0x88,0x88,0x88,0x88,0x88,0x88,0x88,0x88,0x88,0x88,0x88,0x88,0x88,
  0x55,0x55,0x55,0x55,0x55,0x55,0x55,0x00,0x00,0x00,0x00,0x15,0x55,0x55,0x55,0x55,
  0x55,0x55,0x55,0x55,0x55,0x55,0x55,0x55,0x55,0x55,0x55,0x55,0x51,0x00,0x00,0x00,
  0x00,0x00,0x00,0x00,0x00,0x02,0x55,0x55,0x10,0x01,0x00,0x10,0x31,0x30,0x30,0x31,
  0x70,0x10,0x15,0x55,0x55,0x51,0x00,0x00,0x11,0x11,0x11,0x11,0x11,0x11,0x00,0x00,
  0x10,0x00,0x00,0x00,0x00,0x00,0x00,0x01,0x55,0x55,0x55,0x51,0x01,0x01,0x01,0x01,
  0x02,0x01,0x01,0x01,0x55,0x55,0x55,0x52,0x33,0x33,0x33,0x34,0x44,0x44,0x44,0x20,
  0x34,0x05,0x55,0x55,0x55,0x55,0x55,0x55,0x55,0x55,0x55,0x55,0x55,0x55,0x55,0x55,
  0x55,0x44,0x44,0x44,0x34,0x33,0x11,0x23,0x32,0x12,0x34,0x34,0x42,0x00,0x00,0x00,
  0x02,0x55,0x55,0x50,0x10,0x05,0x50,0x00,0x50,0x43,0x02,0x22,0x31,0x33,0x4E,0x23,
  0x43,0x55,0x55,0x55,0x55,0x55,0x55,0x55,0x55,0x55,0x55,0x55,0x55,0x55,0x55,0x55,
  0x88,0x88,0x88,0x88,0x88,0x88,0x88,0x02,0x02,0x02,0x00,0x08,0x88,0x88,0x88,0x88,
  0x88,0x88,0x88,0x88,0x88,0x88,0x88,0x88,0x88,0x88,0x88,0x88,0x80,0x00,0x01,0x01,
  0x06,0x06,0x06,0x06,0x01,0x02,0x88,0x88,0x10,0x00,0x00,0x00,0x00,0x00,0x00,0x00,
  0x00,0x00,0x18,0x88,0x88,0x81,0x00,0x00,0x00,0x00,0x00,0x00,0x00,0x00,0x00,0x00,
  0x10,0x12,0x10,0x02,0x26,0x66,0x31,0x01,0x88,0x88,0x88,0x80,0x01,0x01,0x01,0x01,
  0x01,0x02,0x01,0x01,0x88,0x88,0x88,0x88,0x24,0x44,0x4E,0x4E,0xEE,0x43,0x00,0x12,
  0x34,0x30,0x88,0x88,0x88,0x88,0x88,0x88,0x88,0x88,0x88,0x88,0x88,0x88,0x88,0x88,
  0x88,0x88,0x88,0x88,0x88,0x81,0x33,0x4E,0x43,0x31,0x00,0x00,0x00,0x00,0x00,0x00,
  0x02,0x88,0x88,0x80,0x00,0x08,0x80,0x00,0x03,0x30,0x23,0x23,0x13,0x34,0xE2,0x34,
  0x38,0x88,0x88,0x88,0x88,0x88,0x88,0x88,0x88,0x88,0x88,0x88,0x88,0x88,0x88,0x88,
  0x88,0x88,0x88,0x88,0x88,0x88,0x88,0x00,0x00,0x00,0x00,0x18,0x88,0x88,0x88,0x88,
  0x88,0x88,0x88,0x88,0x88,0x88,0x88,0x88,0x88,0x88,0x88,0x88,0x81,0x00,0x00,0x00,
  0x00,0x00,0x00,0x00,0x00,0x02,0x88,0x88,0x10,0x00,0x00,0x00,0x00,0x00,0x00,0x00,
  0x00,0x00,0x18,0x88,0x88,0x10,0x01,0x21,0x22,0x23,0x34,0x22,0x21,0x21,0x21,0x00,
  0x10,0x00,0x00,0x00,0x00,0x00,0x00,0x01,0x88,0x88,0x88,0x81,0x01,0x01,0x01,0x01,
  0x01,0x02,0x01,0x01,0x88,0x88,0x88,0x88,0x83,0x22,0x22,0x22,0x22,0x20,0x00,0x11,
  0x23,0x40,0x88,0x88,0x88,0x88,0x88,0x88,0x88,0x88,0x88,0x88,0x88,0x88,0x88,0x88,
  0x88,0x88,0x88,0x88,0x88,0x88,0x12,0x33,0x32,0x10,0x00,0x00,0x00,0x00,0x00,0x00,
  0x02,0x88,0x88,0x80,0x50,0x00,0x00,0x00,0x43,0x02,0x32,0x31,0x33,0x4E,0x23,0x43,
  0x88,0x88,0x88,0x88,0x88,0x88,0x88,0x88,0x88,0x88,0x88,0x88,0x88,0x88,0x88,0x88,
  0x88,0x88,0x88,0x88,0x88,0x88,0x80,0x02,0x02,0x02,0x00,0x00,0x88,0x88,0x88,0x88,
  0x88,0x88,0x88,0x88,0x88,0x88,0x88,0x88,0x88,0x88,0x88,0x88,0x81,0x00,0x01,0x02,
  0x02,0x06,0x06,0x03,0x03,0x01,0x88,0x88,0x10,0x00,0x00,0x10,0x01,0x00,0x30,0x03,
  0x00,0x10,0x18,0x88,0x88,0x10,0x00,0x00,0x00,0x00,0x00,0x00,0x00,0x00,0x00,0x00,
  0x00,0x12,0x12,0x03,0x21,0x22,0x11,0x00,0x88,0x88,0x88,0x80,0x00,0x01,0x01,0x01,
  0x00,0x01,0x01,0x01,0x88,0x88,0x88,0x88,0x82,0x33,0x31,0x33,0x13,0x44,0x30,0x11,
  0x23,0x43,0x08,0x88,0x88,0x88,0x88,0x88,0x88,0x88,0x88,0x88,0x88,0x88,0x88,0x88,
  0x88,0x88,0x88,0x88,0x88,0x81,0x23,0x4E,0x43,0x21,0x00,0x00,0x00,0x00,0x00,0x00,
  0x00,0x88,0x88,0x80,0x00,0x00,0x00,0x04,0x31,0x23,0x33,0x13,0x34,0xE2,0x34,0x38,
  0x88,0x22,0x88,0x88,0x88,0x88,0x88,0x88,0x88,0x88,0x88,0x88,0x88,0x88,0x50,0x00,
  0x99,0x99,0x99,0x99,0x99,0x99,0x90,0x00,0x00,0x00,0x00,0x00,0x99,0x99,0x99,0x99,
  0x99,0x99,0x99,0x99,0x99,0x99,0x99,0x99,0x99,0x99,0x99,0x99,0x91,0x00,0x00,0x00,
  0x00,0x00,0x00,0x00,0x00,0x01,0x11,0x99,0x10,0x00,0x00,0x00,0x00,0x00,0x00,0x00,
  0x00,0x00,0x19,0x99,0x99,0x10,0x01,0x11,0x12,0x23,0x43,0x32,0x12,0x11,0x10,0x10,
  0x10,0x00,0x00,0x00,0x00,0x00,0x00,0x01,0x99,0x99,0x99,0x90,0x00,0x02,0x01,0x01,
  0x00,0x01,0x01,0x01,0x99,0x99,0x99,0x99,0x99,0x34,0x41,0x34,0x41,0x3E,0x33,0x01,
  0x12,0x34,0x20,0x99,0x99,0x99,0x99,0x99,0x99,0x99,0x99,0x99,0x99,0x99,0x91,0x11,
  0x11,0x11,0x11,0x11,0x11,0x11,0x12,0x22,0x22,0x10,0x00,0x00,0x00,0x00,0x00,0x00,
  0x02,0x99,0x90,0x00,0x00,0x00,0x00,0x43,0x12,0x33,0x31,0x33,0x4E,0x33,0x44,0x99,
  0x11,0x00,0x22,0x99,0x99,0x99,0x99,0x49,0x99,0x99,0x99,0x99,0x99,0x99,0x00,0x00,
  0x88,0x88,0x88,0x88,0x88,0x88,0x80,0x06,0x01,0x00,0x00,0x00,0x88,0x88,0x88,0x88,
  0x88,0x88,0x88,0x88,0x88,0x88,0x88,0x88,0x88,0x88,0x88,0x88,0x81,0x00,0x01,0x01,
  0x01,0x02,0x02,0x02,0x01,0x01,0x00,0x18,0x00,0x00,0x00,0x00,0x00,0x00,0x00,0x00,
  0x00,0x00,0x18,0x88,0x88,0x10,0x00,0x00,0x00,0x00,0x00,0x00,0x00,0x00,0x00,0x00,
  0x00,0x00,0x00,0x00,0x00,0x00,0x00,0x00,0x88,0x88,0x88,0x80,0x01,0x01,0x01,0x01,
  0x00,0x01,0x01,0x01,0x88,0x88,0x88,0x88,0x88,0x83,0x44,0x24,0x42,0x34,0xE3,0x20,
  0x12,0x33,0x40,0x88,0x88,0x88,0x88,0x88,0x88,0x88,0x88,0x88,0x88,0x88,0x13,0x4E,
  0xEE,0xE4,0xE4,0x43,0x22,0x11,0x11,0x11,0x11,0x11,0x11,0x10,0x00,0x00,0x00,0x00,
  0x00,0x88,0x80,0x00,0x00,0x00,0x04,0x31,0x23,0x33,0x13,0x34,0xE3,0x34,0x48,0x88,
  0x10,0x00,0x02,0x88,0x88,0x88,0x88,0x28,0x88,0x88,0x88,0x88,0x88,0x88,0x00,0x00,
  0x88,0x88,0x88,0x88,0x88,0x88,0x80,0x00,0x00,0x00,0x00,0x00,0x00,0x11,0x11,0x88,
  0x88,0x88,0x88,0x88,0x88,0x88,0x88,0x88,0x88,0x88,0x88,0x88,0x81,0x00,0x00,0x00,
  0x00,0x00,0x00,0x00,0x00,0x01,0x00,0x18,0x10,0x00,0x00,0x00,0x01,0x00,0x20,0x02,
  0x00,0x00,0x18,0x88,0x88,0x10,0x10,0x11,0x23,0x34,0x44,0x43,0x32,0x21,0x10,0x10,
  0x00,0x00,0x00,0x01,0x01,0x10,0x11,0x11,0x11,0x11,0x88,0x80,0x01,0x02,0x01,0x00,
  0x00,0x00,0x01,0x00,0x88,0x88,0x88,0x88,0x88,0x83,0x44,0x32,0x44,0x23,0xE4,0x30,
  0x11,0x23,0x42,0x08,0x88,0x88,0x88,0x88,0x88,0x88,0x88,0x88,0x88,0x88,0x14,0xE4,
  0x33,0x33,0x33,0x34,0x44,0x44,0x44,0x44,0x44,0x34,0x32,0x21,0x11,0x11,0x10,0x00,
  0x00,0x88,0x80,0x50,0x50,0x10,0x43,0x12,0x33,0x31,0x33,0x4E,0x33,0x44,0x88,0x88,
  0x10,0x00,0x02,0x88,0x88,0x88,0x88,0x28,0x88,0x88,0x88,0x88,0x88,0x88,0x00,0x00,
  0x99,0x99,0x99,0x99,0x99,0x99,0x90,0x06,0x01,0x00,0x00,0x00,0x00,0x00,0x01,0x99,
  0x99,0x99,0x99,0x99,0x99,0x99,0x99,0x99,0x99,0x99,0x99,0x99,0x91,0x00,0x00,0x00,
  0x01,0x01,0x01,0x01,0x00,0x01,0x00,0x19,0x00,0x00,0x00,0x00,0x00,0x00,0x00,0x00,
  0x00,0x00,0x19,0x99,0x99,0x10,0x00,0x00,0x00,0x00,0x00,0x00,0x00,0x00,0x00,0x00,
  0x00,0x00,0x00,0x00,0x00,0x00,0x00,0x00,0x00,0x00,0x19,0x91,0x01,0x01,0x01,0x01,
  0x00,0x00,0x01,0x01,0x91,0x11,0x19,0x99,0x99,0x99,0x34,0x42,0x34,0x42,0x4E,0x33,
  0x01,0x12,0x34,0x09,0x99,0x99,0x99,0x99,0x99,0x99,0x99,0x99,0x99,0x99,0x1E,0x43,
  0x33,0x22,0x33,0x33,0x23,0x23,0x22,0x23,0x23,0x33,0x33,0x43,0x44,0x44,0x41,0x00,
  0x00,0x99,0x90,0x00,0x00,0x04,0x31,0x23,0x33,0x13,0x34,0xE3,0x34,0x49,0x99,0x99,
  0x00,0x00,0x02,0x99,0x92,0x22,0x33,0x33,0x39,0x99,0x99,0x99,0x99,0x99,0x00,0x00,
  0x88,0x88,0x88,0x88,0x88,0x88,0x80,0x00,0x00,0x00,0x00,0x20,0x80,0x80,0x81,0x88,
  0x88,0x88,0x88,0x88,0x88,0x88,0x88,0x88,0x88,0x88,0x88,0x88,0x81,0x00,0x00,0x00,
  0x00,0x00,0x00,0x00,0x00,0x01,0x00,0x18,0x00,0x00,0x00,0x00,0x00,0x00,0x00,0x00,
  0x00,0x00,0x18,0x88,0x88,0x10,0x11,0x11,0x23,0x33,0x33,0x21,0x21,0x00,0x10,0x00,
  0x02,0x21,0x10,0x00,0x50,0xA0,0xA0,0xA0,0x90,0x90,0x18,0x80,0x00,0x02,0x01,0x01,
  0x00,0x00,0x01,0x00,0x80,0x00,0x01,0x88,0x88,0x88,0x83,0x44,0x24,0x42,0x34,0xE3,
  0x20,0x12,0x34,0x20,0x98,0x88,0x88,0x88,0x88,0x88,0x88,0x81,0x11,0x11,0x1E,0x33,
  0x32,0x44,0x23,0x33,0x32,0x32,0x32,0x22,0x22,0x23,0x23,0x33,0x33,0x33,0x41,0x00,
  0x00,0x00,0x00,0x50,0x10,0x33,0x12,0x33,0x31,0x33,0x4E,0x33,0x44,0x88,0x88,0x88,
  0x00,0x10,0x00,0x08,0x82,0x11,0x11,0x11,0x38,0x88,0x88,0x88,0x88,0x88,0x00,0x10,
  0x99,0x99,0x99,0x99,0x99,0x99,0x90,0x06,0x05,0x00,0x00,0x00,0x00,0x00,0x01,0x99,
  0x99,0x99,0x99,0x99,0x99,0x99,0x99,0x99,0x99,0x99,0x99,0x99,0x91,0x00,0x00,0x00,
  0x00,0x01,0x01,0x01,0x00,0x01,0x00,0x09,0x00,0x00,0x00,0x00,0x00,0x00,0x00,0x00,
  0x00,0x00,0x09,0x99,0x99,0x00,0x00,0x00,0x00,0x00,0x00,0x00,0x00,0x00,0x00,0x00,
  0x10,0x00,0x00,0x00,0x05,0x05,0x05,0x05,0x05,0x00,0x19,0x91,0x01,0x02,0x01,0x00,
  0x00,0x00,0x01,0x00,0x90,0x00,0x01,0x99,0x99,0x99,0x99,0x44,0x32,0x44,0x23,0xE4,
  0x30,0x11,0x23,0x40,0x09,0x99,0x99,0x99,0x99,0x99,0x91,0x11,0x12,0x20,0x1E,0x33,
  0x24,0x43,0x31,0x33,0x33,0x33,0x33,0x33,0x33,0x33,0x33,0x22,0x33,0x33,0x41,0x01,
  0x11,0x11,0x00,0x00,0x04,0x31,0x23,0x33,0x13,0x34,0xE3,0x34,0x49,0x99,0x99,0x99,
  0x00,0x00,0x00,0x09,0x92,0x00,0x00,0x00,0x39,0x99,0x99,0x99,0x99,0x99,0x00,0x00,
  0x99,0x99,0x99,0x99,0x90,0x00,0x00,0x00,0x00,0x00,0x00,0x20,0x60,0x60,0x81,0x99,
  0x99,0x99,0x99,0x99,0x99,0x99,0x99,0x99,0x99,0x99,0x99,0x99,0x91,0x00,0x00,0x00,
  0x00,0x00,0x00,0x00,0x00,0x01,0x00,0x19,0x00,0x00,0x00,0x00,0x00,0x00,0x00,0x00,
  0x00,0x00,0x19,0x99,0x99,0x10,0x11,0x21,0x22,0x22,0x22,0x11,0x01,0x11,0x22,0x22,
  0x22,0x22,0x11,0x10,0x00,0x00,0x00,0x00,0x00,0x00,0x29,0x91,0x00,0x00,0x00,0x00,
  0x00,0x00,0x00,0x00,0x90,0x00,0x01,0x99,0x99,0x99,0x99,0x34,0x42,0x44,0x42,0x4E,
  0x33,0x01,0x23,0x34,0x09,0x99,0x99,0x99,0x99,0x91,0x14,0x33,0x14,0x40,0x14,0x33,
  0x23,0x3E,0x41,0x33,0x33,0x33,0x33,0x33,0x33,0x33,0x32,0x44,0x23,0x33,0x41,0x03,
  0x33,0x33,0x10,0x00,0x43,0x12,0x33,0x31,0x33,0x4E,0x23,0x44,0x99,0x99,0x99,0x99,
  0x00,0x10,0x00,0x09,0x93,0x23,0x24,0x24,0x89,0x99,0x99,0x99,0x99,0x99,0x00,0x20,
  0x99,0x99,0x99,0x99,0x00,0x00,0x00,0x06,0x05,0x00,0x00,0x00,0x00,0x00,0x01,0x99,
  0x99,0x99,0x99,0x99,0x99,0x99,0x99,0x99,0x99,0x99,0x99,0x99,0x90,0x00,0x00,0x01,
  0x03,0x03,0x03,0x03,0x01,0x01,0x00,0x00,0x00,0x00,0x00,0x00,0x00,0x00,0x00,0x00,
  0x00,0x00,0x19,0x99,0x99,0x00,0x00,0x00,0x00,0x00,0x00,0x00,0x01,0x00,0x00,0x00,
  0x00,0x00,0x00,0x10,0x11,0x15,0x15,0x15,0x15,0x10,0x29,0x91,0x00,0x00,0x00,0x01,
  0x01,0x01,0x01,0x00,0x00,0x00,0x01,0x12,0x99,0x99,0x99,0x02,0x43,0x24,0x42,0x34,
  0xE3,0x20,0x12,0x34,0x20,0x99,0x99,0x99,0x91,0x14,0x43,0x33,0x1E,0x40,0x1E,0x33,
  0x32,0x44,0x13,0x33,0x33,0x33,0x33,0x33,0x33,0x33,0x23,0x34,0x42,0x33,0x31,0x04,
  0x44,0x44,0x10,0x03,0x30,0x23,0x23,0x13,0x34,0xE2,0x34,0x49,0x99,0x99,0x99,0x99,
  0x00,0x00,0x00,0x09,0x91,0x00,0x00,0x00,0x39,0x99,0x99,0x99,0x99,0x99,0x00,0x00,
  0x99,0x99,0x99,0x99,0x00,0x10,0x00,0x00,0x00,0x00,0x00,0x20,0x80,0x60,0x81,0x99,
  0x99,0x99,0x99,0x99,0x99,0x99,0x99,0x99,0x99,0x99,0x99,0x99,0x91,0x00,0x00,0x00,
  0x00,0x00,0x00,0x00,0x00,0x00,0x00,0x00,0x00,0x00,0x00,0x00,0x00,0x00,0x00,0x00,
  0x00,0x00,0x09,0x99,0x99,0x10,0x10,0x11,0x11,0x11,0x11,0x10,0x00,0x11,0x22,0x23,
  0xFF,0xFF,0x31,0x00,0x00,0x00,0x00,0x00,0x00,0x00,0x29,0x91,0x00,0x00,0x10,0x11,
  0x22,0x22,0x21,0x00,0x00,0x01,0x00,0x02,0x99,0x91,0x11,0x00,0x44,0x23,0x44,0x23,
  0xE4,0x30,0x11,0x23,0x40,0x09,0x99,0x91,0x14,0x43,0x34,0x41,0x33,0x30,0x24,0x33,
  0x33,0x11,0x33,0x33,0x33,0x33,0x33,0x33,0x33,0x33,0x14,0xE3,0x32,0x33,0x41,0x04,
  0xEE,0xEE,0x20,0x33,0x02,0x32,0x31,0x33,0x4E,0x23,0x44,0x09,0x99,0x99,0x11,0x10,
  0x00,0x10,0x50,0x00,0x93,0x00,0x00,0x00,0x89,0x99,0x99,0x99,0x99,0x90,0x00,0x20,
  0x99,0x96,0x99,0x99,0x00,0x00,0x00,0x02,0x05,0x00,0x00,0x00,0x00,0x00,0x01,0x00,
  0x09,0x99,0x99,0x99,0x99,0x99,0x99,0x99,0x99,0x99,0x99,0x99,0x91,0x00,0x00,0x00,
  0x00,0x01,0x01,0x01,0x01,0x01,0x00,0x00,0x00,0x00,0x00,0x00,0x00,0x00,0x00,0x00,
  0x00,0x00,0x19,0x99,0x99,0x00,0x00,0x00,0x00,0x00,0x00,0x00,0x00,0x11,0x12,0x22,
  0x33,0x33,0x21,0x00,0x00,0x00,0x00,0x00,0x00,0x00,0x29,0x91,0x01,0x00,0x00,0x00,
  0x00,0x00,0x01,0x00,0x00,0x00,0x00,0x02,0x99,0x91,0x00,0x00,0x04,0x42,0x44,0x42,
  0x4E,0x43,0x01,0x23,0x42,0x00,0x00,0x14,0x43,0x3E,0xE3,0x12,0x33,0x30,0x14,0x33,
  0x33,0x33,0x33,0x33,0x33,0x33,0x33,0x33,0x33,0x33,0x31,0x44,0x23,0x33,0x41,0x04,
  0x44,0x44,0x21,0x20,0x13,0x13,0x13,0x34,0xE2,0x34,0x40,0x09,0x99,0x99,0x10,0x00,
  0x00,0x00,0x00,0x00,0x91,0x24,0x24,0x24,0x89,0x99,0x99,0x99,0x99,0x90,0x00,0x00,
  0xAA,0xA0,0xAA,0xAA,0x00,0x00,0x00,0x00,0x00,0x00,0x00,0x00,0x10,0x60,0x21,0x00,
  0x00,0xAA,0xAA,0xAA,0xAA,0xAA,0xAA,0xAA,0xAA,0xAA,0xAA,0xAA,0xA1,0x00,0x00,0x00,
  0x00,0x00,0x00,0x00,0x00,0x01,0x00,0x00,0x00,0x00,0x00,0x00,0x01,0x21,0x20,0x00,
  0x00,0x00,0x0A,0xAA,0xAA,0x55,0x56,0x66,0x65,0x65,0x55,0x55,0x51,0x00,0x00,0x00,
  0x00,0x00,0x00,0x10,0x01,0x11,0x58,0x66,0x66,0x80,0x11,0x11,0x00,0x00,0x50,0x50,
  0x80,0x80,0x02,0x00,0x12,0x20,0x20,0xA2,0xAA,0xA1,0x00,0x00,0x02,0x44,0x34,0x42,
  0x34,0xE3,0x20,0x12,0x34,0x20,0x13,0x33,0x3E,0xE3,0x31,0x22,0x22,0x20,0x24,0x33,
  0x33,0x22,0x33,0x33,0x33,0x33,0x43,0x33,0x33,0x33,0x33,0x11,0x33,0x33,0x31,0x03,
  0x33,0x33,0x21,0x01,0x21,0x21,0x33,0x44,0x23,0x44,0x00,0x09,0xAA,0xAA,0x10,0x10,
  0x10,0x10,0x10,0x00,0xA3,0x00,0x00,0x00,0x8A,0xAA,0xAA,0xAA,0xAA,0xA0,0x10,0x20,
  0x99,0x90,0x99,0x99,0x00,0x00,0x00,0x01,0x00,0x00,0x00,0x00,0x00,0x00,0x01,0x00,
  0x00,0x99,0x99,0x99,0x99,0x99,0x99,0x99,0x99,0x99,0x99,0x99,0x90,0x00,0x00,0x00,
  0x00,0x00,0x00,0x00,0x00,0x00,0x00,0x00,0x00,0x00,0x0F,0x00,0x00,0x00,0x10,0x00,
  0x00,0x00,0x09,0x99,0x99,0x11,0x11,0x11,0x11,0x11,0x11,0x11,0x11,0x01,0x00,0x10,
  0x22,0x02,0x20,0x10,0x00,0x00,0x00,0x00,0x00,0x00,0x10,0x01,0x01,0x00,0x00,0x00,
  0x00,0x00,0x02,0x00,0x00,0x00,0x00,0xB1,0x99,0x91,0x05,0x65,0x00,0x44,0x43,0x44,
  0x24,0xE4,0x30,0x12,0x33,0x20,0x23,0x44,0xE3,0x31,0x00,0x22,0x22,0x20,0x24,0x33,
  0x32,0x44,0x23,0x33,0x33,0x34,0x33,0x33,0x33,0x33,0x33,0x33,0x33,0x33,0x41,0x03,
  0x33,0x33,0x20,0x11,0x02,0x13,0x34,0x42,0x34,0x40,0x00,0x09,0x99,0x99,0x10,0x00,
  0x00,0x00,0x00,0x00,0x91,0x00,0x00,0x00,0x89,0x99,0x99,0x99,0x99,0x90,0x00,0x00,
  0x99,0x90,0x99,0x99,0x00,0x10,0x00,0x00,0x00,0x00,0x00,0x00,0x10,0x80,0x20,0x00,
  0x00,0x99,0x99,0x99,0x99,0x99,0x99,0x99,0x99,0x99,0x90,0x00,0x00,0x00,0x00,0x00,
  0x00,0x00,0x00,0x10,0x00,0x01,0x00,0x00,0x00,0x00,0x01,0x00,0x00,0x00,0x00,0x00,
  0x00,0x00,0x09,0x88,0x21,0x10,0x00,0x00,0x00,0x00,0x00,0x00,0x01,0x00,0x00,0x00,
  0x00,0x00,0x00,0x00,0x01,0x15,0x55,0x86,0x68,0x50,0x10,0x01,0x00,0x00,0x00,0x50,
  0x80,0x80,0x01,0x00,0x02,0x22,0x20,0xB1,0x99,0x90,0x00,0x00,0x00,0x04,0x43,0x44,
  0x43,0x4E,0x43,0x01,0x00,0x00,0x02,0x33,0x30,0x01,0x10,0x22,0x22,0x21,0x24,0x33,
  0x24,0x43,0x31,0x33,0x33,0x43,0x33,0x33,0x33,0x33,0x33,0x22,0x33,0x33,0x31,0x02,
  0x22,0x22,0x10,0x10,0x11,0x33,0x44,0x23,0x44,0x00,0x00,0x19,0x99,0x99,0x10,0x20,
  0x30,0x20,0x50,0x00,0x92,0x24,0x24,0x24,0x29,0x99,0x99,0x99,0x99,0x90,0x10,0x20,
  0xAA,0xA0,0xAA,0xAA,0x00,0x00,0x00,0x05,0x00,0x00,0x00,0x00,0x00,0x00,0x01,0x00,
  0x00,0x10,0x11,0x12,0x2A,0xAA,0xAA,0xAA,0xAA,0xAA,0x00,0x00,0x00,0x00,0x00,0x00,
  0x00,0x00,0x00,0x00,0x00,0x00,0x00,0x01,0x10,0x11,0x12,0x12,0x22,0x12,0x22,0x22,
  0x00,0x00,0x0A,0x80,0x00,0x10,0x00,0x00,0x00,0x00,0x00,0x00,0x01,0x00,0x00,0x00,
  0x00,0x00,0x00,0x10,0x00,0x00,0x00,0x00,0x00,0x00,0x00,0x00,0x01,0x00,0x00,0x00,
  0x00,0x00,0x01,0x00,0x00,0x00,0x00,0xB1,0xAA,0xA1,0x05,0x50,0x00,0x02,0x44,0x34,
  0x44,0x34,0xE3,0x20,0x02,0x22,0x20,0x10,0x01,0x22,0x20,0x11,0x23,0x31,0x24,0x33,
  0x23,0x3E,0x41,0x33,0x34,0x34,0x33,0x33,0x33,0x33,0x32,0x44,0x23,0x33,0x31,0x02,
  0x22,0x22,0x10,0x01,0x13,0x34,0x42,0x34,0x30,0x00,0x00,0x09,0xAA,0xAA,0x00,0x00,
  0x00,0x00,0x00,0x00,0x01,0x00,0x00,0x00,0x8A,0xAA,0xAA,0xAA,0x90,0x00,0x00,0x00,
  0x00,0x00,0x99,0x99,0x00,0x10,0x00,0x00,0x00,0x00,0x00,0x00,0x00,0x00,0x10,0x00,
  0x00,0x00,0x00,0x00,0x29,0x99,0x99,0x99,0x99,0x99,0x00,0x10,0x10,0x00,0x00,0x00,
  0x00,0x00,0x00,0x00,0x00,0x00,0x00,0x00,0x00,0x00,0x00,0x00,0x00,0x00,0x00,0x02,
  0x00,0x00,0x09,0x80,0x00,0x10,0x10,0x20,0x20,0x20,0x10,0x10,0x01,0x01,0x00,0x10,
  0x22,0x02,0x20,0x10,0x01,0x11,0x11,0x15,0x88,0x50,0x10,0x01,0x00,0x00,0x00,0x50,
  0x80,0x80,0x01,0x00,0x01,0x12,0x20,0xB0,0x99,0x90,0x00,0x00,0x00,0x00,0x44,0x43,
  0x44,0x34,0x44,0x30,0x23,0x33,0x34,0x00,0x12,0x22,0x21,0x23,0x13,0x31,0x24,0x33,
  0x32,0x44,0x13,0x33,0x43,0x43,0x43,0x43,0x33,0x33,0x23,0x34,0x41,0x33,0x31,0x03,
  0x33,0x33,0x10,0x01,0x23,0x44,0x23,0x43,0x00,0x00,0x50,0x19,0x99,0x99,0x10,0x30,
  0x30,0x30,0x50,0x10,0x02,0x00,0x00,0x00,0x29,0x99,0x99,0x99,0x00,0x00,0x20,0x20,
  0x00,0x00,0x0A,0xAA,0x00,0x00,0x00,0x05,0x01,0x00,0x00,0x00,0x00,0x00,0x00,0x00,
  0x00,0x00,0x00,0x00,0x2A,0xAA,0xAA,0xAA,0xAA,0xAA,0x00,0x00,0x00,0x00,0x00,0x00,
  0x00,0x00,0x00,0x00,0x00,0x00,0x00,0x01,0x00,0x00,0x00,0x00,0x00,0x00,0x00,0x02,
  0x00,0x00,0x0A,0x21,0x01,0x10,0x00,0x00,0x00,0x00,0x00,0x00,0x01,0x00,0x00,0x00,
  0x00,0x00,0x00,0x00,0x00,0x00,0x00,0x00,0x00,0x00,0x00,0x00,0x01,0x00,0x00,0x00,
  0x00,0x00,0x00,0x00,0x00,0x00,0x00,0xB1,0xA1,0x00,0x05,0x66,0x55,0x10,0x04,0x43,
  0x44,0x43,0x43,0x23,0x33,0x33,0x33,0x41,0x02,0x22,0x13,0x44,0x13,0x31,0x33,0x33,
  0x33,0x11,0x33,0x34,0x34,0x34,0x34,0x33,0x33,0x33,0x14,0xE3,0x31,0x33,0x31,0x04,
  0x44,0x44,0x10,0x02,0x23,0x22,0x33,0x20,0x00,0x00,0x00,0x0A,0xAA,0xAA,0x10,0x00,
  0x00,0x00,0x00,0x00,0x01,0x12,0x33,0x11,0x2A,0xAA,0xAA,0xAA,0x00,0x00,0x00,0x00,
  0x00,0x10,0x00,0xAA,0x00,0x00,0x00,0x00,0x00,0x00,0x00,0x00,0x80,0x10,0x10,0x00,
  0x00,0x00,0x32,0x30,0x1A,0xA0,0x00,0x00,0x0A,0xAA,0x00,0x10,0x10,0x00,0x00,0x00,
  0x00,0x00,0x00,0x00,0x00,0x00,0x00,0x00,0x00,0x10,0x10,0x10,0x28,0x28,0x20,0x01,
  0x00,0x00,0x0A,0x10,0x00,0x10,0x10,0x20,0x30,0x30,0x20,0x10,0x01,0x00,0x00,0x00,
  0x00,0x00,0x00,0x00,0x01,0x11,0x15,0x51,0x11,0x10,0x10,0x00,0x00,0x00,0x00,0x50,
  0x50,0x00,0x01,0x00,0x00,0x11,0x00,0xA1,0xA0,0x10,0x00,0x00,0x00,0x00,0x02,0x44,
  0x32,0x00,0x22,0x43,0x33,0x34,0x43,0x33,0x11,0x11,0x44,0x43,0x22,0x20,0x34,0x33,
  0x33,0x33,0x33,0x33,0x43,0x43,0x43,0x33,0x33,0x33,0x31,0x44,0x13,0x33,0x21,0x04,
  0xEE,0xEE,0x10,0x00,0x22,0x33,0x20,0x00,0x00,0x50,0x00,0x1A,0xAA,0xAA,0x00,0x20,
  0x20,0x50,0x50,0x10,0x01,0x00,0x00,0x00,0x2A,0xAA,0xAA,0xAA,0x00,0x20,0x20,0x20,
  0x00,0x00,0x00,0x00,0x00,0x00,0x00,0x05,0x01,0x00,0x00,0x00,0x00,0x00,0x00,0x00,
  0x00,0x00,0x00,0x00,0x1A,0xA0,0x00,0x00,0x0A,0xAA,0x00,0x00,0x00,0x00,0x00,0x00,
  0x00,0x00,0x00,0x00,0x00,0x00,0x00,0x01,0x00,0x00,0x00,0x00,0x00,0x00,0x00,0x01,
  0x00,0x00,0x0A,0x11,0x01,0x10,0x00,0x00,0x00,0x00,0x00,0x00,0x00,0x01,0x00,0x10,
  0x22,0x02,0x20,0x10,0x00,0x00,0x00,0x00,0x00,0x00,0x00,0x00,0x01,0x00,0x00,0x00,
  0x00,0x00,0x00,0x00,0x00,0x00,0x00,0x00,0xA1,0x00,0x05,0x65,0x11,0x10,0x00,0x22,
  0x00,0x33,0x24,0x43,0x33,0xE3,0x33,0x34,0x31,0x44,0x43,0x22,0x02,0x20,0x33,0x33,
  0x32,0x23,0x33,0x33,0x34,0x34,0x34,0x33,0x33,0x33,0x33,0x11,0x33,0x33,0x31,0x03,
  0x33,0x33,0x10,0x00,0x00,0x00,0x00,0x00,0x00,0x00,0x00,0x0A,0xAA,0xAA,0x10,0x00,
  0x00,0x00,0x00,0x00,0x01,0x00,0x00,0x00,0x2A,0xAA,0xAA,0xAA,0x00,0x20,0x20,0x10,
  0x00,0x10,0x10,0x00,0x00,0x10,0x00,0x00,0x00,0x00,0x00,0x00,0x80,0x80,0x80,0x00,
  0x00,0x00,0x00,0x00,0x1B,0xB0,0x10,0x10,0x0B,0xBB,0x00,0x10,0x50,0x00,0x00,0x00,
  0x00,0x00,0x00,0x00,0x00,0x00,0x00,0x00,0x00,0x00,0x00,0x00,0x00,0x00,0x00,0x01,
  0x00,0x00,0x0B,0x10,0x00,0x10,0x10,0x20,0x30,0x20,0x00,0x10,0x00,0x00,0x00,0x00,
  0x00,0x00,0x00,0x00,0x00,0x00,0x00,0x00,0x00,0x00,0x00,0x00,0x00,0x00,0x00,0x00,
  0x50,0x50,0x01,0x00,0x00,0x10,0x00,0x01,0xB0,0x10,0x00,0x00,0x00,0x00,0x02,0x42,
  0x34,0x44,0x34,0xE3,0x3E,0x33,0x33,0x33,0x31,0x43,0x22,0x10,0x11,0x10,0x43,0x33,
  0x24,0x42,0x33,0x33,0x43,0x43,0x43,0x43,0x33,0x33,0x33,0x33,0x33,0x33,0x21,0x01,
  0x11,0x11,0x00,0x00,0x00,0x00,0x00,0x00,0x50,0x50,0x00,0x1B,0xBB,0xBB,0x00,0x00,
  0x10,0x00,0x50,0x00,0x01,0x00,0x22,0x10,0x0B,0xBB,0xBB,0xBB,0x00,0x20,0x10,0x20,
  0x00,0x00,0x00,0x00,0x00,0x00,0x00,0x01,0x01,0x00,0x00,0x00,0x00,0x00,0x00,0x00,
  0x00,0x02,0x42,0x40,0x1A,0xA0,0x00,0x00,0x00,0x00,0x00,0x00,0x00,0x00,0x00,0x00,
  0x00,0x00,0x00,0x00,0x00,0x00,0x00,0x01,0x00,0x01,0x01,0x02,0x02,0x81,0x80,0x00,
  0x00,0x00,0x0A,0x0A,0x01,0x10,0x00,0x00,0x00,0x00,0x00,0x00,0x00,0x00,0x00,0x00,
  0x00,0x00,0x00,0x00,0x00,0x00,0x00,0x00,0x00,0x00,0x00,0x00,0x00,0x00,0x00,0x00,
  0x00,0x00,0x00,0x00,0x00,0x00,0x00,0x00,0xA1,0x00,0x05,0x11,0x00,0x00,0x03,0x42,
  0x44,0x44,0x34,0xE3,0x3E,0x33,0x33,0x23,0x31,0x32,0x10,0x00,0x00,0x01,0x33,0x31,
  0x32,0x44,0x23,0x34,0x34,0x34,0x33,0x33,0x33,0x33,0x32,0x23,0x33,0x33,0x20,0x00,
  0x00,0x00,0x00,0x00,0x00,0x00,0x00,0x00,0x00,0x00,0x00,0x0A,0xAA,0xAA,0x00,0x00,
  0x00,0x00,0x00,0x00,0x01,0x00,0x00,0x00,0x2A,0xAA,0xAA,0xAA,0x00,0x10,0x10,0x10,
  0x00,0x10,0x20,0x00,0x00,0x10,0x00,0x00,0x00,0x00,0x00,0x00,0x20,0x80,0x80,0x00,
  0x00,0x00,0x00,0x00,0x1B,0xB0,0x80,0x10,0x00,0x00,0x00,0x50,0x50,0x00,0x00,0x00,
  0x00,0x00,0x00,0x00,0x00,0x00,0x00,0x00,0x00,0x00,0x00,0x00,0x00,0x00,0x00,0x01,
  0x00,0x00,0x0B,0x10,0x00,0x10,0x00,0x10,0x20,0x20,0x00,0x00,0x00,0x00,0x00,0x00,
  0x00,0x00,0x00,0x00,0x00,0x00,0x00,0x00,0x00,0x00,0x00,0x00,0x00,0x00,0x00,0x00,
  0x00,0x00,0x00,0x00,0x00,0x00,0x00,0x00,0xB0,0x10,0x00,0x00,0x00,0x00,0x03,0x43,
  0x44,0x44,0x3E,0xE3,0x34,0x33,0x33,0x13,0x31,0x20,0x00,0x00,0x00,0x01,0x43,0x31,
  0x4E,0x23,0x23,0x33,0x43,0x33,0x33,0x33,0x33,0x33,0x24,0x42,0x33,0x33,0x20,0x00,
  0x00,0x00,0x00,0x00,0x00,0x00,0x00,0x00,0x50,0x60,0x60,0x1B,0xBB,0xB0,0x00,0x00,
  0x10,0x00,0x10,0x00,0x01,0x00,0x00,0x00,0x2B,0xBB,0xBB,0xBA,0x00,0x40,0x40,0x10,
  0x00,0x00,0x00,0x00,0x00,0x00,0x00,0x00,0x01,0x00,0x00,0x00,0x00,0x00,0x00,0x00,
  0x00,0x00,0x00,0x00,0x1B,0xB0,0x00,0x00,0x00,0x00,0x00,0x00,0x00,0x00,0x00,0x00,
  0x00,0x00,0x00,0x00,0x00,0x00,0x00,0x01,0x00,0x00,0x00,0x00,0x00,0x00,0x00,0x01,
  0x00,0x00,0x0B,0x1B,0x09,0x00,0x00,0x00,0x00,0x00,0x00,0x00,0x00,0x00,0x00,0x00,
  0x00,0x00,0x00,0x00,0x00,0x00,0x00,0x01,0x01,0x02,0x02,0x02,0x02,0x01,0x01,0x02,
  0x02,0x02,0x02,0x02,0x02,0x01,0x01,0x00,0xB1,0x01,0x01,0x11,0x11,0x00,0x03,0x43,
  0x44,0x44,0x3E,0xE3,0x33,0x43,0x32,0x13,0x21,0x00,0x00,0x00,0x00,0x01,0x43,0x33,
  0x14,0x42,0x33,0x33,0x33,0x33,0x33,0x33,0x33,0x32,0x44,0x23,0x13,0x34,0x20,0x00,
  0x00,0x00,0x00,0x00,0x00,0x00,0x00,0x00,0x00,0x00,0x00,0x0B,0xBB,0x00,0x00,0x00,
  0x00,0x00,0x00,0x00,0x01,0x00,0x13,0x10,0x0B,0xBB,0xBB,0xB0,0x00,0x10,0x10,0x20,
  0x00,0x10,0x20,0x00,0x00,0x10,0x00,0x00,0x00,0x00,0x00,0x00,0x20,0x80,0x00,0x00,
  0x00,0x02,0x32,0x40,0x0C,0xC0,0x80,0x00,0x00,0x00,0x00,0x80,0x50,0x11,0x22,0x22,
  0x22,0x22,0x21,0x20,0x10,0x10,0x00,0x00,0x00,0x10,0x18,0x10,0x18,0x18,0x10,0x01,
  0x00,0x00,0x0B,0x00,0x00,0x10,0x00,0x00,0x00,0x00,0x00,0x00,0x10,0x10,0x10,0x10,
  0x20,0x20,0x20,0x20,0x20,0x20,0x00,0x00,0x00,0x00,0x00,0x00,0x00,0x00,0x00,0x00,
  0x00,0x00,0x00,0x00,0x00,0x00,0x00,0x00,0x00,0x00,0x00,0x00,0x00,0x00,0x03,0x43,
  0x4E,0xEE,0x3E,0xE4,0x33,0x32,0x11,0x33,0x20,0x00,0x00,0x00,0x00,0x02,0x43,0x33,
  0x31,0x13,0x33,0x33,0x33,0x33,0x33,0x33,0x33,0x32,0x32,0xE4,0x13,0x33,0x10,0x00,
  0x00,0x10,0x10,0x50,0x50,0x50,0x00,0x10,0x50,0x00,0x50,0x1B,0xB0,0x00,0x00,0x00,
  0x10,0x50,0x10,0x00,0x01,0x00,0x00,0x00,0x2C,0xCC,0xCC,0xC0,0x00,0x40,0x40,0x10,
  0x00,0x00,0x00,0x00,0x00,0x00,0x00,0x00,0x00,0x00,0x00,0x00,0x00,0x00,0x00,0x00,
  0x00,0x00,0x00,0x00,0x1B,0xB0,0x00,0x00,0x00,0x00,0x00,0x00,0x00,0x10,0x00,0x00,
  0x00,0x00,0x00,0x00,0x00,0x00,0x00,0x01,0x00,0x00,0x00,0x00,0x00,0x00,0x00,0x01,
  0x00,0x00,0x0C,0x1A,0x09,0x00,0x00,0x00,0x00,0x00,0x00,0x00,0x00,0x00,0x00,0x00,
  0x00,0x00,0x00,0x00,0x00,0x00,0x00,0x00,0x00,0x00,0x00,0x00,0x00,0x00,0x00,0x00,
  0x00,0x00,0x00,0x00,0x00,0x00,0x00,0x00,0x00,0x00,0x00,0x00,0x00,0x00,0x02,0x44,
  0x3E,0xEE,0x43,0xEE,0x43,0x33,0x33,0x33,0x10,0x00,0x00,0x00,0x00,0x01,0x43,0x33,
  0x33,0x33,0x33,0x33,0x33,0x33,0x33,0x33,0x33,0x33,0x24,0x41,0x33,0x33,0x20,0x00,
  0x00,0x00,0x00,0x00,0x00,0x00,0x00,0x00,0x00,0x00,0x00,0x0B,0x00,0x02,0x00,0x00,
  0x00,0x00,0x00,0x00,0x01,0x00,0x00,0x00,0x0B,0xBB,0xA0,0x00,0x00,0x20,0x10,0x10,
  0x00,0x10,0x20,0x00,0x00,0x10,0x00,0x00,0x00,0x00,0x00,0x00,0x20,0x00,0x80,0x00,
  0x00,0x00,0x00,0x00,0x1C,0xC0,0x10,0x00,0x00,0x00,0x00,0xA0,0x50,0x10,0x12,0x22,
  0x11,0x01,0x10,0x10,0x10,0x00,0x00,0x00,0x00,0x00,0x00,0x00,0x00,0x00,0x00,0x00,
  0x00,0x00,0x0C,0x00,0x00,0x00,0x00,0x00,0x00,0x00,0x00,0x00,0x00,0x00,0x00,0x00,
  0x00,0x00,0x00,0x00,0x00,0x00,0x00,0x00,0x00,0x00,0x00,0x00,0x10,0x10,0x20,0x20,
  0x28,0xA8,0xA8,0xAC,0xBC,0xBC,0xA8,0xA8,0x15,0x15,0x10,0x10,0x10,0x00,0x00,0x34,
  0x24,0x44,0x42,0x4E,0xE4,0x33,0x33,0x32,0x00,0x00,0x00,0x00,0x00,0x02,0x43,0x33,
  0x32,0x23,0x33,0x33,0x33,0x33,0x43,0x33,0x33,0x33,0x31,0x13,0x33,0x34,0x10,0x11,
  0x00,0x00,0x00,0x00,0x10,0x10,0x00,0x00,0x00,0x00,0x50,0x00,0x00,0x00,0x00,0x10,
  0x10,0x10,0x00,0x00,0x01,0x00,0x12,0x10,0x0C,0xCC,0x00,0x00,0x00,0x40,0x10,0x00,
  0x00,0x00,0x00,0x00,0x00,0x00,0x00,0x00,0x00,0x00,0x00,0x00,0x00,0x00,0x00,0x00,
  0x00,0x01,0x31,0x10,0x1C,0xC0,0x00,0x00,0x00,0x00,0x00,0x00,0x00,0x00,0x00,0x00,
  0x00,0x00,0x00,0x00,0x00,0x00,0x00,0x00,0x00,0x01,0x81,0x82,0x02,0x01,0x00,0x01,
  0x00,0x00,0x0C,0x09,0x01,0x00,0x00,0x01,0x01,0x02,0x02,0x02,0x02,0x08,0x08,0x08,
  0x08,0x08,0x02,0x02,0x01,0x01,0x01,0x01,0x00,0x00,0x00,0x00,0x00,0x00,0x00,0x00,
  0x00,0x00,0x00,0x00,0x00,0x00,0x00,0x00,0x00,0x00,0x00,0x00,0x00,0x00,0x00,0x23,
  0x42,0x44,0x44,0x24,0x4E,0x44,0x43,0x20,0x00,0x00,0x00,0x00,0x00,0x02,0x33,0x33,
  0x24,0x42,0x33,0x33,0x33,0x34,0x33,0x33,0x33,0x33,0x33,0x33,0x33,0x34,0x10,0x11,
  0x11,0x11,0x00,0x00,0x00,0x00,0x00,0x00,0x00,0x00,0x00,0x00,0x02,0x02,0x00,0x00,
  0x00,0x00,0x00,0x00,0x01,0x00,0x00,0x00,0x0C,0xCC,0x05,0x05,0x00,0x10,0x10,0x20,
  0x00,0x10,0x20,0x00,0x00,0x00,0x00,0x00,0x00,0x00,0x00,0x00,0x10,0x00,0x80,0x00,
  0x00,0x00,0x00,0x00,0x0D,0xC0,0x10,0x00,0x00,0x00,0x00,0x80,0x00,0x10,0x12,0x21,
  0x00,0x11,0x10,0x00,0x00,0x00,0x00,0x00,0x00,0x00,0x00,0x00,0x00,0x00,0x00,0x00,
  0x00,0x00,0x0C,0x00,0x00,0x00,0x00,0x00,0x00,0x00,0x00,0x00,0x00,0x00,0x00,0x00,
  0x00,0x00,0x00,0x00,0x00,0x00,0x00,0x00,0x00,0x00,0x10,0x10,0x10,0x10,0x10,0x10,
  0x10,0x10,0x50,0x50,0x80,0x80,0x80,0x80,0x80,0x50,0x50,0x10,0x10,0x00,0x00,0x02,
  0x34,0x1E,0xEE,0x41,0x34,0x43,0x22,0x00,0x00,0x00,0x00,0x00,0x00,0x02,0x43,0x32,
  0x33,0x44,0x23,0x33,0x33,0x43,0x43,0x33,0x33,0x33,0x32,0x23,0x33,0x33,0x10,0x22,
  0x21,0x11,0x11,0x10,0x00,0x00,0x00,0x00,0x00,0x00,0x00,0x00,0x00,0x00,0x00,0x00,
  0x10,0x00,0x00,0x00,0x00,0x00,0x00,0x00,0x1D,0xDD,0x00,0x00,0x00,0x40,0x00,0x00,
  0x00,0x00,0x00,0x00,0x00,0x00,0x00,0x00,0x00,0x00,0x00,0x00,0x00,0x00,0x00,0x00,
  0x00,0x00,0x00,0x00,0x0C,0xD0,0x00,0x00,0x00,0x00,0x00,0x00,0x00,0x00,0x00,0x00,
  0x00,0x00,0x00,0x00,0x00,0x00,0x00,0x00,0x00,0x00,0x00,0x00,0x00,0x00,0x00,0x01,
  0x00,0x00,0x0A,0x01,0x00,0x00,0x00,0x00,0x00,0x00,0x00,0x00,0x00,0x00,0x00,0x00,
  0x00,0x00,0x00,0x00,0x00,0x00,0x00,0x00,0x00,0x00,0x00,0x00,0x00,0x00,0x00,0x00,
  0x00,0x00,0x00,0x00,0x00,0x00,0x00,0x00,0x00,0x00,0x00,0x00,0x00,0x00,0x00,0x00,
  0x13,0x31,0x33,0x33,0x13,0x32,0x00,0x00,0x00,0x00,0x00,0x00,0x00,0x02,0x34,0x31,
  0x4E,0x23,0x23,0x34,0x34,0x34,0x33,0x33,0x33,0x33,0x24,0x42,0x33,0x34,0x10,0x11,
  0x22,0x23,0x31,0x11,0x11,0x10,0x00,0x00,0x00,0x00,0x00,0x00,0x01,0x01,0x00,0x00,
  0x00,0x00,0x00,0x00,0x01,0x00,0x01,0x00,0x0D,0xDD,0x05,0x05,0x00,0x10,0x10,0x10,
  0x00,0x00,0x10,0x00,0x00,0x00,0x00,0x00,0x00,0x00,0x00,0x00,0x10,0x00,0x20,0x00,
  0x00,0x01,0x11,0x10,0x1D,0xC0,0x10,0x00,0x00,0x00,0x00,0x50,0x00,0x10,0x01,0x10,
  0x00,0x00,0x00,0x00,0x00,0x00,0x00,0x00,0x00,0x00,0x00,0x00,0x00,0x00,0x00,0x00,
  0x00,0x00,0x00,0x00,0x00,0x00,0x00,0x00,0x00,0x00,0x00,0x00,0x00,0x00,0x00,0x00,
  0x00,0x00,0x00,0x00,0x00,0x00,0x00,0x00,0x00,0x00,0x00,0x00,0x00,0x00,0x00,0x00,
  0x00,0x00,0x00,0x00,0x00,0x00,0x00,0x00,0x00,0x00,0x00,0x00,0x00,0x00,0x00,0x00,
  0x00,0x00,0x00,0x00,0x00,0x00,0x00,0x00,0x00,0x11,0x11,0x22,0x22,0x12,0x43,0x43,
  0x14,0x42,0x33,0x33,0x43,0x43,0x43,0x43,0x43,0x32,0x33,0x44,0x13,0x34,0x10,0x11,
  0x11,0x12,0x22,0x33,0x31,0x11,0x11,0x11,0x00,0x00,0x00,0x00,0x00,0x00,0x00,0x00,
  0x10,0x00,0x00,0x00,0x00,0x00,0x00,0x00,0x1D,0xDD,0x00,0x00,0x00,0x10,0x00,0x00,
  0x00,0x00,0x00,0x00,0x00,0x00,0x00,0x00,0x00,0x00,0x00,0x00,0x00,0x00,0x00,0x00,
  0x00,0x00,0x00,0x00,0x0D,0xD0,0x00,0x00,0x00,0x00,0x00,0x00,0x00,0x00,0x00,0x00,
  0x00,0x00,0x00,0x00,0x00,0x00,0x00,0x00,0x00,0x00,0x00,0x00,0x00,0x00,0x00,0x01,
  0x00,0x00,0x00,0x00,0x00,0x00,0x00,0x00,0x00,0x00,0x00,0x00,0x00,0x00,0x00,0x00,
  0x00,0x00,0x00,0x00,0x00,0x00,0x00,0x00,0x00,0x00,0x00,0x00,0x00,0x00,0x00,0x00,
  0x00,0x00,0x00,0x00,0x00,0x00,0x00,0x00,0x00,0x00,0x00,0x00,0x00,0x00,0x00,0x00,
  0x00,0x00,0x00,0x00,0x00,0x01,0x11,0x22,0x22,0x22,0x22,0x11,0x11,0x12,0x34,0x33,
  0x31,0x14,0x34,0x34,0x34,0x44,0x34,0x34,0x33,0x31,0x4E,0x33,0x23,0x34,0x10,0x11,
  0x11,0x11,0x11,0x12,0x22,0x33,0x32,0x21,0x11,0x00,0x00,0x00,0x01,0x00,0x00,0x00,
  0x00,0x00,0x00,0x00,0x00,0x00,0x00,0x00,0x1D,0xDD,0x01,0x01,0x00,0x00,0x00,0x00,
  0x00,0x00,0x00,0x00,0x00,0x00,0x00,0x00,0x00,0x00,0x00,0x00,0x00,0x00,0x20,0x00,
  0x00,0x00,0x00,0x00,0x0D,0xD0,0x10,0x00,0x00,0x00,0x00,0x50,0x00,0x00,0x00,0x00,
  0x00,0x00,0x00,0x00,0x00,0x00,0x00,0x00,0x00,0x00,0x00,0x00,0x00,0x00,0x00,0x00,
  0x00,0x00,0x00,0x00,0x00,0x00,0x00,0x00,0x00,0x00,0x00,0x00,0x00,0x00,0x00,0x00,
  0x00,0x00,0x00,0x00,0x00,0x00,0x00,0x00,0x00,0x00,0x00,0x00,0x00,0x00,0x00,0x00,
  0x00,0x00,0x00,0x00,0x00,0x00,0x00,0x00,0x00,0x00,0x00,0x00,0x00,0x00,0x00,0x00,
  0x00,0x01,0x22,0x22,0x33,0x33,0x22,0x22,0x22,0x11,0x11,0x11,0x11,0x13,0x44,0x44,
  0x43,0x33,0x43,0x43,0x44,0x44,0x44,0x43,0x43,0x33,0x14,0x41,0x33,0x34,0x10,0x01,
  0x11,0x11,0x55,0x11,0x11,0x22,0x23,0x33,0x00,0x00,0x00,0x00,0x00,0x00,0x00,0x00,
  0x00,0x00,0x00,0x00,0x00,0x00,0x01,0x00,0x00,0x00,0x00,0x00,0x00,0x00,0x00,0x00,
  0x00,0x00,0x00,0x00,0x00,0x00,0x00,0x00,0x00,0x00,0x00,0x00,0x00,0x00,0x00,0x00,
  0x00,0x01,0x12,0x10,0x0D,0xD0,0x00,0x00,0x00,0x00,0x00,0x00,0x00,0x00,0x01,0x01,
  0x01,0x01,0x01,0x01,0x08,0x08,0x28,0x28,0x48,0x48,0x48,0x28,0x28,0x12,0x02,0x08,
  0x09,0x0A,0x0B,0x0A,0x09,0x08,0x08,0x01,0x01,0x00,0x00,0x00,0x00,0x00,0x00,0x00,
  0x00,0x00,0x00,0x00,0x00,0x00,0x00,0x00,0x00,0x00,0x00,0x00,0x00,0x00,0x00,0x00,
  0x00,0x00,0x00,0x00,0x00,0x00,0x00,0x00,0x00,0x00,0x00,0x00,0x00,0x00,0x00,0x00,
  0x33,0x33,0x33,0x33,0x33,0x22,0x21,0x11,0x11,0x11,0x11,0x11,0x10,0x02,0x3B,0x3B,
  0xBB,0x44,0x44,0x44,0x44,0x44,0x44,0x44,0x44,0x43,0x31,0x13,0x33,0x34,0x10,0x10,
  0x11,0x11,0x55,0x55,0x55,0x55,0x52,0x22,0x01,0x11,0x10,0x00,0x00,0x00,0x00,0x00,
  0x00,0x00,0x00,0x00,0x00,0x00,0x00,0x00,0x10,0x00,0x01,0x00,0x00,0x00,0x00,0x00,
  0x00,0x00,0x10,0x00,0x00,0x00,0x00,0x00,0x00,0x00,0x00,0x00,0x00,0x00,0x20,0x00,
  0x00,0x00,0x00,0x00,0x00,0x00,0x00,0x00,0x00,0x00,0x00,0x00,0x00,0x00,0x00,0x00,
  0x00,0x00,0x00,0x00,0x00,0x00,0x00,0x00,0x00,0x00,0x00,0x00,0x00,0x00,0x00,0x00,
  0x00,0x00,0x00,0x00,0x00,0x00,0x00,0x00,0x00,0x00,0x00,0x00,0x00,0x00,0x00,0x00,
  0x00,0x00,0x00,0x00,0x00,0x00,0x00,0x00,0x00,0x00,0x00,0x00,0x00,0x00,0x00,0x00,
  0x00,0x00,0x00,0x00,0x00,0x00,0x00,0x00,0x00,0x00,0x00,0x00,0x00,0x11,0x11,0x10,
  0x33,0x32,0x21,0x11,0x11,0x11,0x11,0x11,0x15,0x15,0x15,0x11,0x00,0x00,0x00,0x22,
  0x22,0x33,0xBB,0xCE,0xCD,0xCD,0xEE,0xEE,0xEE,0xCC,0x43,0x33,0x33,0x34,0x10,0x01,
  0x11,0x11,0x55,0x55,0x55,0x55,0x55,0x55,0x01,0x22,0x11,0x11,0x10,0x00,0x00,0x00,
  0x00,0x00,0x00,0x00,0x00,0x00,0x00,0x00,0x00,0x00,0x00,0x00,0x00,0x00,0x00,0x00,
  0x00,0x00,0x00,0x00,0x00,0x00,0x00,0x00,0x00,0x00,0x00,0x00,0x00,0x00,0x00,0x00,
  0x00,0x00,0x00,0x00,0x00,0x00,0x00,0x00,0x00,0x00,0x00,0x00,0x00,0x00,0x00,0x00,
  0x00,0x00,0x00,0x00,0x00,0x00,0x00,0x02,0x02,0x02,0x02,0x02,0x00,0x01,0x01,0x01,
  0x01,0x00,0x00,0x00,0x00,0x00,0x00,0x00,0x00,0x00,0x00,0x00,0x00,0x00,0x00,0x00,
  0x00,0x00,0x00,0x00,0x00,0x00,0x00,0x00,0x00,0x00,0x00,0x00,0x00,0x00,0x00,0x00,
  0x00,0x00,0x00,0x00,0x00,0x00,0x00,0x00,0x00,0x00,0x00,0x11,0x12,0x23,0x33,0x30,
  0x31,0x11,0x11,0x11,0x55,0x55,0x55,0x51,0x51,0x51,0x51,0x10,0x10,0x00,0x00,0x00,
  0x00,0x00,0x00,0x22,0x22,0x23,0x3B,0xBC,0xCC,0xEE,0xEE,0xEE,0xDB,0xB4,0x10,0x10,
  0x10,0x11,0x15,0x55,0x55,0x55,0x55,0x55,0x01,0x12,0x23,0x33,0x11,0x10,0x00,0x00,
  0x00,0x00,0x00,0x00,0x00,0x00,0x00,0x00,0x00,0x00,0x00,0x00,0x00,0x00,0x00,0x00,
  0x00,0x00,0x00,0x00,0x00,0x00,0x00,0x00,0x00,0x00,0x00,0x00,0x00,0x00,0x00,0x00,
  0x00,0x01,0x20,0x00,0x00,0x00,0x00,0x00,0x00,0x00,0x00,0x00,0x00,0x00,0x00,0x00,
  0x00,0x00,0x00,0x00,0x00,0x00,0x00,0x00,0x00,0x00,0x00,0x00,0x00,0x00,0x00,0x00,
  0x00,0x00,0x00,0x00,0x00,0x00,0x00,0x00,0x00,0x00,0x00,0x00,0x00,0x00,0x00,0x00,
  0x00,0x00,0x00,0x00,0x00,0x00,0x00,0x00,0x00,0x00,0x00,0x00,0x00,0x00,0x00,0x11,
  0x11,0x21,0x21,0x00,0x00,0x00,0x11,0x12,0x21,0x01,0x23,0x33,0x33,0x33,0x32,0x20,
  0x35,0x55,0x55,0x55,0x55,0x55,0x55,0x15,0x15,0x11,0x11,0x01,0x00,0x00,0x00,0x00,
  0x11,0x11,0x11,0x00,0x00,0x00,0x00,0x00,0x00,0x02,0x22,0x33,0x33,0x33,0x10,0x01,
  0x01,0x11,0x15,0x55,0x55,0x55,0x55,0x55,0x01,0x11,0x11,0x12,0x33,0x20,0x01,0x11,
  0x10,0x00,0x00,0x00,0x00,0x00,0x00,0x00,0x00,0x00,0x00,0x00,0x00,0x00,0x00,0x00,
  0x00,0x00,0x00,0x00,0x01,0x01,0x01,0x08,0x18,0x18,0x11,0x01,0x01,0x00,0x00,0x00,
  0x00,0x00,0x00,0x00,0x00,0x00,0x00,0x00,0x00,0x00,0x00,0x00,0x00,0x00,0x00,0x00,
  0x00,0x00,0x00,0x00,0x00,0x00,0x00,0x00,0x00,0x00,0x00,0x00,0x00,0x00,0x00,0x00,
  0x00,0x00,0x00,0x00,0x00,0x00,0x00,0x00,0x00,0x00,0x00,0x00,0x00,0x00,0x00,0x00,
  0x00,0x00,0x00,0x00,0x00,0x00,0x00,0x00,0x00,0x00,0x00,0x01,0x12,0x22,0x22,0x22,
  0x22,0x12,0x12,0x10,0x11,0x22,0x33,0x33,0x33,0x20,0x23,0x32,0x21,0x11,0x11,0x10,
  0x35,0x55,0x55,0x55,0x55,0x55,0x55,0x51,0x51,0x11,0x10,0x10,0x00,0x00,0x00,0x00,
  0x01,0x22,0x99,0x99,0x99,0x99,0x99,0x92,0x11,0x10,0x00,0x00,0x11,0x11,0x00,0x00,
  0x10,0x11,0x11,0x55,0x55,0x55,0x55,0x55,0x01,0x11,0x11,0x11,0x12,0x20,0x12,0x21,
  0x11,0x11,0x10,0x00,0x01,0x11,0x00,0x00,0x00,0x00,0x00,0x00,0x00,0x00,0x00,0x00,
  0x00,0x00,0x00,0x00,0x00,0x00,0x00,0x00,0x00,0x00,0x00,0x00,0x00,0x00,0x00,0x00,
  0x00,0x00,0x00,0x00,0x00,0x00,0x00,0x00,0x00,0x00,0x00,0x00,0x00,0x00,0x00,0x00,
  0x00,0x00,0x00,0x00,0x00,0x00,0x00,0x00,0x00,0x00,0x00,0x00,0x00,0x00,0x00,0x00,
  0x00,0x00,0x00,0x00,0x00,0x00,0x00,0x00,0x00,0x00,0x00,0x00,0x00,0x00,0x00,0x00,
  0x00,0x00,0x00,0x00,0x00,0x00,0x00,0x00,0x11,0x22,0x22,0x33,0x33,0x32,0x32,0x22,
  0x22,0x25,0x55,0x50,0x23,0x33,0x22,0x11,0x11,0x10,0x21,0x11,0x11,0x11,0x11,0x10,
  0x35,0x55,0x55,0x55,0x55,0x55,0x55,0x15,0x11,0x11,0x01,0x01,0x00,0x00,0x00,0x00,
  0x09,0x11,0x22,0x22,0x29,0x99,0x99,0x99,0x99,0x91,0x11,0x00,0x00,0x00,0x00,0x00,
  0x01,0x01,0x01,0x15,0x15,0x55,0x55,0x55,0x01,0x11,0x11,0x11,0x11,0x20,0x12,0x33,
  0x33,0x21,0x11,0x10,0x12,0x22,0x21,0x11,0x10,0x00,0x00,0x00,0x00,0x00,0x00,0x00,
  0x00,0x00,0x00,0x00,0x00,0x01,0x01,0x01,0x01,0x01,0x01,0x01,0x01,0x01,0x01,0x01,
  0x00,0x00,0x00,0x00,0x00,0x00,0x00,0x00,0x00,0x00,0x00,0x00,0x00,0x00,0x00,0x00,
  0x00,0x00,0x00,0x00,0x00,0x00,0x00,0x00,0x00,0x00,0x00,0x00,0x00,0x00,0x00,0x00,
  0x00,0x00,0x00,0x00,0x00,0x00,0x00,0x00,0x00,0x00,0x00,0x00,0x00,0x00,0x00,0x00,
  0x00,0x00,0x00,0x00,0x01,0x12,0x22,0x22,0x23,0x33,0x33,0x33,0x22,0x22,0x22,0x55,
  0x55,0x55,0x55,0x50,0x11,0x11,0x11,0x11,0x11,0x10,0x21,0x11,0x11,0x11,0x11,0x10,
  0x35,0x15,0x55,0x55,0x55,0x51,0x51,0x51,0x51,0x10,0x10,0x10,0x00,0x00,0x00,0x00,
  0x09,0x9A,0xA2,0x22,0x88,0x88,0x88,0x22,0x22,0x22,0x11,0x10,0x00,0x00,0x00,0x01,
  0x00,0x10,0x10,0x11,0x51,0x51,0x55,0x55,0x01,0x11,0x11,0x11,0x11,0x20,0x11,0x11,
  0x12,0x33,0x32,0x10,0x22,0x33,0x33,0x22,0x21,0x11,0x10,0x00,0x00,0x00,0x00,0x00,
  0x00,0x00,0x00,0x00,0x00,0x00,0x00,0x00,0x00,0x00,0x00,0x00,0x00,0x00,0x00,0x00,
  0x00,0x00,0x00,0x00,0x00,0x00,0x00,0x00,0x00,0x00,0x00,0x00,0x00,0x00,0x00,0x00,
  0x00,0x00,0x00,0x00,0x00,0x00,0x00,0x00,0x00,0x00,0x00,0x00,0x00,0x00,0x00,0x00,
  0x00,0x00,0x00,0x00,0x00,0x00,0x00,0x00,0x00,0x00,0x00,0x00,0x00,0x00,0x00,0x00,
  0x00,0x11,0x22,0x22,0x22,0x33,0x33,0x33,0x33,0x22,0x22,0x25,0x55,0x55,0x55,0x55,
  0x55,0x55,0x55,0x50,0x11,0x11,0x11,0x11,0x11,0x10,0x21,0x11,0x11,0x11,0x11,0x10,
  0x25,0x31,0x55,0x55,0x55,0x55,0x15,0x11,0x11,0x01,0x01,0x00,0x00,0x00,0x00,0x00,
  0x12,0x9B,0xBB,0xAA,0xAA,0xAA,0xAA,0xAA,0xA9,0x99,0x99,0x90,0x00,0x00,0x00,0x00,
  0x10,0x01,0x01,0x00,0x01,0x15,0x15,0x55,0x01,0x11,0x11,0x11,0x11,0x30,0x11,0x11,
  0x11,0x11,0x12,0x20,0x52,0x22,0x36,0x66,0x66,0x32,0x21,0x11,0x10,0x00,0x00,0x00,
  0x00,0x00,0x00,0x00,0x00,0x00,0x00,0x00,0x00,0x00,0x00,0x00,0x00,0x00,0x00,0x00,
  0x00,0x00,0x00,0x00,0x00,0x00,0x00,0x00,0x00,0x00,0x00,0x00,0x00,0x00,0x00,0x00,
  0x00,0x00,0x00,0x00,0x00,0x00,0x00,0x00,0x00,0x00,0x00,0x00,0x00,0x00,0x00,0x00,
  0x00,0x00,0x00,0x00,0x00,0x00,0x00,0x00,0x00,0x00,0x00,0x00,0x00,0x01,0x12,0x22,
  0x22,0x23,0x33,0x33,0x33,0x33,0x22,0x22,0x22,0x55,0x55,0x55,0x55,0x55,0x55,0x55,
  0x55,0x55,0x55,0x50,0x11,0x11,0x11,0x11,0x11,0x10,0x21,0x11,0x11,0x11,0x11,0x10,
  0x35,0xF0,0x55,0x55,0x55,0x51,0x51,0x11,0x11,0x10,0x10,0x00,0x00,0x00,0x11,0x10,
  0x12,0x22,0xAB,0xBB,0xBA,0xAA,0xAA,0xAA,0xAA,0x99,0x22,0x10,0x01,0x11,0x00,0x00,
  0x00,0x00,0x10,0x01,0x22,0x21,0x11,0x55,0x01,0x11,0x11,0x11,0x11,0x30,0x11,0x11,
  0x11,0x11,0x11,0x10,0x55,0x55,0x22,0x22,0x36,0x77,0x66,0x63,0x21,0x11,0x10,0x00,
  0x00,0x00,0x00,0x00,0x00,0x00,0x00,0x00,0x00,0x00,0x00,0x00,0x00,0x00,0x00,0x00,
  0x00,0x00,0x00,0x00,0x00,0x00,0x00,0x00,0x00,0x00,0x00,0x00,0x00,0x00,0x00,0x00,
  0x00,0x00,0x00,0x00,0x00,0x00,0x00,0x00,0x00,0x00,0x00,0x00,0x00,0x00,0x00,0x00,
  0x00,0x00,0x00,0x00,0x00,0x00,0x00,0x00,0x00,0x00,0x11,0x22,0x22,0x22,0x33,0x33,
  0x33,0x33,0x33,0x22,0x22,0x22,0x55,0x55,0x55,0x55,0x55,0x55,0x55,0x11,0x11,0x22,
  0x55,0x55,0x55,0x50,0x21,0x11,0x11,0x11,0x11,0x10,0x31,0x11,0x11,0x11,0x11,0x10,
  0x25,0x00,0x55,0x55,0x55,0x15,0x11,0x11,0x11,0x01,0x00,0x00,0x00,0x00,0x00,0x00,
  0x09,0x92,0x22,0x22,0x28,0x88,0x88,0x88,0x22,0x22,0x11,0x11,0x00,0x00,0x00,0x00,
  0x00,0x00,0x01,0x03,0x44,0x22,0x22,0x15,0x01,0x11,0x11,0x11,0x11,0x30,0x11,0x11,
  0x11,0x11,0x11,0x10,0x55,0x55,0x55,0x55,0x22,0x22,0x36,0x77,0x66,0x63,0x21,0x11,
  0x00,0x00,0x00,0x00,0x00,0x00,0x00,0x00,0x00,0x00,0x00,0x00,0x00,0x00,0x00,0x00,
  0x00,0x00,0x00,0x00,0x00,0x00,0x00,0x00,0x00,0x00,0x00,0x00,0x00,0x00,0x00,0x00,
  0x00,0x00,0x00,0x00,0x00,0x00,0x00,0x00,0x00,0x00,0x00,0x00,0x00,0x00,0x00,0x00,
  0x00,0x00,0x00,0x00,0x00,0x00,0x01,0x12,0x22,0x22,0x23,0x33,0x36,0x66,0x66,0x66,
  0x33,0x32,0x22,0x55,0x55,0x55,0x55,0x55,0x55,0x55,0x55,0x11,0x12,0x22,0x22,0x22,
  0x25,0x55,0x55,0x50,0x11,0x11,0x11,0x11,0x11,0x10,0x31,0x11,0x11,0x11,0x11,0x10,
  0x25,0xA0,0x55,0x55,0x51,0x11,0x11,0x11,0x10,0x00,0x00,0x00,0x11,0x11,0x11,0x10,
  0x12,0x9A,0xAB,0xBA,0x22,0x22,0x22,0x22,0x21,0x11,0x99,0x90,0x11,0x11,0x11,0x11,
  0x10,0x00,0x00,0x03,0x33,0x44,0x43,0x31,0x01,0x11,0x11,0x11,0x11,0x30,0x11,0x11,
  0x11,0x11,0x11,0x10,0x55,0x55,0x55,0x55,0x55,0x55,0x22,0x26,0x67,0x77,0x66,0x63,
  0x00,0x00,0x00,0x00,0x00,0x00,0x00,0x00,0x00,0x00,0x00,0x00,0x00,0x00,0x00,0x00,
  0x00,0x00,0x00,0x00,0x00,0x00,0x00,0x00,0x00,0x00,0x00,0x00,0x00,0x00,0x00,0x00,
  0x00,0x00,0x00,0x00,0x00,0x00,0x00,0x00,0x00,0x00,0x00,0x00,0x00,0x00,0x00,0x00,
  0x00,0x00,0x00,0x11,0x22,0x22,0x22,0x33,0x33,0x33,0x66,0x66,0x66,0x66,0x65,0x55,
  0x55,0x55,0x55,0x55,0x55,0x55,0x55,0x55,0x55,0x55,0x52,0x22,0x22,0x22,0x22,0x43,
  0x35,0x55,0x55,0x50,0x21,0x11,0x11,0x11,0x11,0x10,0x31,0x11,0x11,0x11,0x11,0x10,
  0x25,0x91,0x55,0x15,0x11,0x11,0x11,0x10,0x00,0x00,0x01,0x55,0x51,0x11,0x00,0x00,
  0x92,0x22,0x2A,0xAB,0xBB,0xBB,0xAA,0xAA,0xAA,0xA9,0x99,0x21,0x01,0x11,0x15,0x55,
  0x55,0x10,0x00,0x03,0x33,0x33,0x42,0x25,0x01,0x11,0x11,0x11,0x11,0x30,0x11,0x11,
  0x11,0x11,0x11,0x20,0x55,0x55,0x55,0x55,0x55,0x55,0x55,0x55,0x52,0x26,0x77,0x77,
  0x00,0x00,0x00,0x00,0x00,0x00,0x00,0x00,0x00,0x00,0x00,0x00,0x00,0x00,0x00,0x00,
  0x00,0x00,0x00,0x00,0x00,0x00,0x00,0x00,0x00,0x00,0x00,0x00,0x00,0x00,0x00,0x00,
  0x00,0x00,0x00,0x00,0x00,0x00,0x00,0x00,0x00,0x00,0x00,0x00,0x00,0x00,0x00,0x01,
  0x12,0x22,0x22,0x23,0x33,0x66,0x66,0x66,0x66,0x66,0x66,0x55,0x55,0x55,0x55,0x55,
  0x55,0x55,0x55,0x11,0x11,0x55,0x55,0x55,0x55,0x55,0x53,0x33,0x3E,0xE4,0x41,0x33,
  0x25,0x55,0x55,0x50,0x21,0x11,0x11,0x11,0x11,0x10,0x31,0x11,0x11,0x11,0x11,0x10,
  0x25,0x15,0x51,0x51,0x51,0x11,0x00,0x00,0x01,0x11,0x11,0x11,0x11,0x00,0x22,0x12,
  0x29,0x92,0x22,0x22,0x28,0x88,0x88,0x82,0x22,0x22,0x22,0x90,0x01,0x22,0x21,0x11,
  0x11,0x11,0x11,0x13,0x02,0x33,0x42,0x21,0x01,0x11,0x11,0x11,0x11,0x20,0x11,0x11,
  0x11,0x11,0x11,0x10,0x50,0x15,0x55,0x55,0x55,0x55,0x55,0x55,0x55,0x55,0x52,0x26,
  0x00,0x00,0x00,0x00,0x00,0x00,0x00,0x00,0x00,0x00,0x00,0x00,0x00,0x00,0x00,0x00,
  0x00,0x00,0x00,0x00,0x00,0x00,0x00,0x00,0x00,0x00,0x00,0x00,0x00,0x00,0x00,0x00,
  0x00,0x00,0x00,0x00,0x00,0x00,0x00,0x00,0x00,0x00,0x00,0x00,0x11,0x22,0x22,0x22,
  0x33,0x33,0x66,0x66,0x66,0x67,0x77,0x76,0x65,0x55,0x55,0x55,0x55,0x55,0x55,0x55,
  0x51,0x11,0x11,0x22,0x22,0x11,0x55,0x55,0x55,0x55,0x12,0x22,0x2E,0x33,0x31,0x33,
  0x25,0x55,0x55,0x50,0x21,0x11,0x11,0x11,0x11,0x10,0x21,0x11,0x11,0x11,0x11,0x10,
  0x25,0x55,0x55,0x15,0x10,0x00,0x01,0x55,0x55,0x55,0x55,0x55,0x12,0x23,0x83,0x21,
  0x12,0x9A,0xBB,0xBA,0x22,0x22,0x22,0x22,0x22,0x9A,0xA9,0x12,0x12,0x88,0x82,0x15,
  0x55,0x55,0x55,0x53,0x32,0x03,0x42,0x25,0x01,0x11,0x11,0x11,0x11,0x30,0x11,0x11,
  0x11,0x11,0x11,0x20,0x50,0x31,0x55,0x55,0x55,0x55,0x55,0x55,0x55,0x55,0x55,0x55,
  0x00,0x00,0x00,0x00,0x00,0x00,0x00,0x00,0x00,0x00,0x00,0x00,0x00,0x00,0x00,0x00,
  0x00,0x00,0x00,0x00,0x00,0x00,0x00,0x00,0x00,0x00,0x00,0x00,0x00,0x00,0x00,0x00,
  0x00,0x00,0x00,0x00,0x00,0x00,0x00,0x00,0x01,0x11,0x22,0x22,0x23,0x33,0x33,0x66,
  0x66,0x66,0x67,0x77,0x77,0x65,0x55,0x55,0x55,0x55,0x55,0x55,0x55,0x55,0x51,0x11,
  0x22,0x22,0x22,0x22,0x44,0x33,0x55,0x55,0x55,0x55,0x12,0x22,0x2E,0x33,0x31,0x33,
  0x21,0x55,0x55,0x50,0x21,0x11,0x11,0x11,0x11,0x10,0x31,0x11,0x11,0x11,0x11,0x10,
  0x25,0x55,0x51,0x00,0x01,0x55,0x55,0x55,0x55,0x55,0x11,0x11,0x2A,0x3A,0x38,0x32,
  0x11,0x22,0x2A,0xBB,0xBB,0xBB,0xBB,0xBA,0xAA,0xA9,0x92,0x21,0x23,0x88,0x88,0x21,
  0x55,0x55,0x55,0x51,0x13,0x33,0x42,0x21,0x01,0x11,0x11,0x11,0x11,0x20,0x11,0x11,
  0x11,0x11,0x11,0x20,0x50,0xF1,0x55,0x55,0x55,0x55,0x55,0x55,0x55,0x55,0x55,0x55,
  0x00,0x00,0x00,0x00,0x00,0x00,0x00,0x00,0x00,0x00,0x00,0x00,0x00,0x00,0x00,0x00,
  0x00,0x00,0x00,0x00,0x00,0x00,0x00,0x00,0x00,0x00,0x00,0x00,0x00,0x00,0x00,0x00,
  0x00,0x00,0x00,0x00,0x01,0x12,0x22,0x22,0x22,0x33,0x33,0x66,0x66,0x66,0x66,0x77,
  0x77,0x76,0x65,0x55,0x55,0x55,0x55,0x55,0x55,0x55,0x55,0x55,0x55,0x55,0x51,0x33,
  0x33,0xEE,0xE4,0x41,0x33,0x32,0x55,0x55,0x55,0x55,0x12,0x22,0x2E,0x33,0x32,0x33,
  0x25,0x55,0x55,0x50,0x21,0x11,0x11,0x11,0x11,0x10,0x21,0x11,0x11,0x11,0x11,0x10,
  0x11,0x10,0x00,0x15,0x55,0x85,0x88,0x88,0x88,0x88,0x88,0x89,0xBA,0xA3,0xA3,0xA3,
  0x33,0x11,0x22,0x22,0x28,0x88,0x88,0x82,0x22,0x22,0x11,0x12,0x38,0x38,0x8A,0x92,
  0x29,0x98,0x88,0x88,0x81,0x11,0x32,0x20,0x01,0x11,0x11,0x11,0x11,0x20,0x11,0x11,
  0x11,0x11,0x11,0x20,0x50,0xF1,0x55,0x55,0x55,0x55,0x55,0x55,0x55,0x55,0x55,0x55,
  0x00,0x00,0x00,0x00,0x00,0x00,0x00,0x00,0x00,0x00,0x00,0x00,0x00,0x00,0x00,0x00,
  0x00,0x00,0x00,0x00,0x00,0x00,0x00,0x00,0x00,0x00,0x00,0x00,0x00,0x00,0x00,0x00,
  0x00,0x01,0x12,0x22,0x22,0x23,0x33,0x33,0x36,0x66,0x66,0x66,0x77,0x77,0x77,0x65,
  0x55,0x55,0x55,0x55,0x55,0x55,0x55,0x55,0x55,0x55,0x55,0x55,0x55,0x55,0x51,0x22,
  0x22,0xE3,0x33,0x31,0x33,0x32,0x55,0x55,0x55,0x55,0x12,0x22,0x24,0x33,0x31,0x33,
  0x21,0x55,0x55,0x50,0x11,0x11,0x11,0x11,0x11,0x10,0x21,0x11,0x11,0x11,0x11,0x10,
  0x00,0x05,0x55,0x55,0x55,0x55,0x55,0x55,0x55,0x11,0x11,0x19,0xAB,0xAA,0x3A,0x3A,
  0x38,0x38,0x32,0x22,0x11,0x11,0x11,0x11,0x11,0x11,0x23,0x83,0x83,0x8A,0xAA,0x92,
  0x99,0x99,0x99,0x95,0x55,0x55,0x11,0x11,0x00,0x01,0x11,0x11,0x11,0x10,0x11,0x11,
  0x11,0x11,0x11,0x20,0x50,0x01,0x55,0x55,0x55,0x55,0x55,0x55,0x55,0x55,0x55,0x55,
  0x00,0x00,0x00,0x00,0x00,0x00,0x00,0x00,0x00,0x00,0x00,0x00,0x00,0x00,0x00,0x00,
  0x00,0x00,0x00,0x00,0x00,0x00,0x00,0x00,0x00,0x00,0x00,0x00,0x00,0x00,0x11,0x22,
  0x22,0x22,0x23,0x33,0x33,0x66,0x66,0x66,0x67,0x77,0x77,0x77,0x65,0x55,0x55,0x55,
  0x55,0x55,0x55,0x55,0x55,0x55,0x55,0x55,0x55,0x55,0x51,0x15,0x55,0x55,0x51,0x22,
  0x22,0xE3,0x33,0x31,0x33,0x32,0x55,0x55,0x55,0x55,0x12,0x22,0x2E,0x33,0x32,0x33,
  0x25,0x55,0x55,0x50,0x21,0x11,0x11,0x11,0x11,0x10,0x21,0x11,0x11,0x10,0x00,0x00,
  0x11,0x55,0x85,0x88,0x88,0x88,0x88,0x88,0x88,0x88,0x11,0x19,0x9A,0xBB,0xAA,0xAA,
  0xA3,0x83,0x83,0x33,0x33,0x33,0x33,0x33,0x33,0x33,0x38,0x38,0x3A,0xAB,0xBA,0x92,
  0x9A,0xAA,0x99,0x88,0x88,0x88,0x88,0x85,0x51,0x10,0x01,0x11,0x11,0x20,0x11,0x11,
  0x11,0x11,0x11,0x20,0x50,0xA1,0x55,0x55,0x55,0x55,0x55,0x55,0x55,0x55,0x55,0x55,
  0x00,0x00,0x00,0x00,0x00,0x00,0x00,0x00,0x00,0x00,0x00,0x00,0x00,0x00,0x00,0x00,
  0x00,0x00,0x00,0x00,0x00,0x00,0x00,0x00,0x00,0x00,0x01,0x12,0x22,0x22,0x22,0x33,
  0x33,0x36,0x66,0x66,0x66,0x67,0x77,0x77,0x76,0x55,0x55,0x55,0x55,0x55,0x55,0x55,
  0x55,0x55,0x55,0x55,0x55,0x55,0x55,0x55,0x50,0x00,0x01,0x25,0x55,0x55,0x51,0x22,
  0x22,0xE3,0x33,0x32,0x33,0x32,0x55,0x55,0x55,0x55,0x12,0x22,0x24,0x33,0x32,0x33,
  0x21,0x55,0x55,0x50,0x11,0x11,0x11,0x11,0x11,0x10,0x21,0x11,0x00,0x00,0x11,0x11,
  0x55,0x55,0x55,0x55,0x55,0x99,0x99,0x99,0x99,0x99,0xAA,0xAA,0x99,0x9A,0xBB,0xBB,
  0xAA,0xA8,0x38,0x33,0x33,0x33,0x33,0x33,0x33,0x33,0x88,0xAA,0xAB,0xBA,0xA9,0x92,
  0x9A,0xAA,0x95,0x55,0x55,0x55,0x55,0x55,0x55,0x51,0x10,0x01,0x11,0x10,0x11,0x11,
  0x11,0x11,0x11,0x10,0x50,0xA1,0x55,0x55,0x55,0x55,0x55,0x55,0x55,0x55,0x55,0x55,
  0x00,0x00,0x00,0x00,0x00,0x00,0x00,0x00,0x00,0x00,0x00,0x00,0x00,0x00,0x00,0x00,
  0x00,0x00,0x00,0x00,0x00,0x00,0x01,0x12,0x22,0x22,0x22,0x23,0x33,0x33,0x33,0x66,
  0x66,0x66,0x77,0x77,0x77,0x76,0x55,0x55,0x55,0x55,0x55,0x55,0x55,0x55,0x55,0x55,
  0x55,0x55,0x55,0x55,0x55,0x55,0x00,0x00,0x00,0x00,0x01,0x15,0x55,0x55,0x51,0x22,
  0x22,0x43,0x33,0x31,0x43,0x32,0x15,0x55,0x55,0x55,0x12,0x22,0x24,0x33,0x32,0x33,
  0x25,0x55,0x55,0x50,0x11,0x11,0x11,0x11,0x11,0x10,0x20,0x00,0x11,0x11,0x88,0x88,
  0x88,0x88,0x88,0x88,0x88,0x89,0x9A,0xAA,0xAA,0xAB,0xAB,0xAB,0xA9,0x99,0x9A,0xAA,
  0xBB,0xBB,0xBA,0xAA,0xAA,0xAA,0xAA,0xAA,0xAA,0xAA,0xAA,0xBB,0xBA,0xAA,0x9A,0x92,
  0x9A,0xAB,0x98,0x88,0x88,0x88,0x88,0x88,0x88,0x88,0x51,0x10,0x00,0x10,0x11,0x11,
  0x11,0x11,0x11,0x20,0x50,0x91,0x55,0x55,0x55,0x55,0x55,0x55,0x55,0x55,0x55,0x55,
  0x00,0x00,0x00,0x00,0x00,0x00,0x00,0x00,0x00,0x00,0x00,0x00,0x00,0x00,0x00,0x00,
  0x00,0x00,0x00,0x01,0x12,0x22,0x22,0x23,0x33,0x33,0x33,0x36,0x66,0x66,0x66,0x77,
  0x77,0x77,0x65,0x55,0x55,0x55,0x55,0x55,0x55,0x55,0x55,0x55,0x55,0x55,0x55,0x55,
  0x55,0x55,0x55,0x55,0x00,0x00,0x00,0x00,0x00,0x00,0x01,0x25,0x55,0x55,0x51,0x22,
  0x22,0x43,0x33,0x31,0x33,0x32,0x55,0x55,0x55,0x55,0x02,0x22,0x24,0x33,0x32,0x33,
  0x21,0x55,0x55,0x50,0x11,0x11,0x11,0x11,0x11,0x00,0x01,0x11,0x55,0x55,0x55,0x55,
  0x58,0x58,0x88,0x88,0x88,0x88,0x99,0xAA,0xBA,0xBA,0xBB,0xAC,0xB9,0x99,0x99,0x9A,
  0xAA,0xAA,0xBB,0xCC,0xCC,0xCC,0xCC,0xCC,0xCB,0xCB,0xBA,0xAA,0xAA,0xAA,0xA9,0xA2,
  0x9A,0xBA,0x99,0x99,0x99,0x99,0x99,0x99,0x99,0x55,0x55,0x55,0x11,0x00,0x11,0x11,
  0x11,0x11,0x11,0x20,0x55,0x15,0x55,0x55,0x55,0x55,0x55,0x55,0x55,0x55,0x55,0x55,
  0x00,0x00,0x00,0x00,0x00,0x00,0x00,0x00,0x00,0x00,0x00,0x00,0x00,0x00,0x00,0x00,
  0x11,0x22,0x22,0x22,0x33,0x33,0x33,0x66,0x66,0x66,0x66,0x67,0x77,0x77,0x77,0x65,
  0x55,0x55,0x55,0x55,0x55,0x55,0x55,0x55,0x55,0x55,0x55,0x55,0x55,0x55,0x55,0x55,
  0x55,0x55,0x55,0x55,0x00,0x00,0x00,0x00,0x00,0x00,0x01,0x15,0x55,0x55,0x51,0x22,
  0x22,0x43,0x33,0x31,0x43,0x32,0x15,0x55,0x55,0x55,0x12,0x22,0x24,0x33,0x32,0x33,
  0x15,0x15,0x55,0x50,0x11,0x11,0x11,0x00,0x00,0x11,0x18,0x88,0x88,0x88,0x88,0x88,
  0x88,0x88,0x88,0x88,0x88,0x88,0x89,0xAA,0xAB,0xAB,0xBB,0xBC,0xCA,0x99,0x9B,0xB9,
  0xAA,0xAA,0xAA,0xAA,0xAA,0xAA,0xAA,0xAA,0xAA,0xAA,0xAA,0xAA,0xAA,0xA9,0x9A,0x92,
  0x9B,0xAB,0xAB,0xBB,0xBB,0xBA,0xAA,0xA9,0x98,0x88,0x88,0x88,0x88,0x81,0x00,0x11,
  0x11,0x11,0x11,0x10,0x55,0x55,0x55,0x55,0x55,0x55,0x55,0x55,0x55,0x55,0x55,0x55,
  0x00,0x00,0x00,0x00,0x00,0x00,0x00,0x00,0x00,0x00,0x00,0x00,0x01,0x12,0x22,0x22,
  0x23,0x33,0x33,0x36,0x66,0x66,0x66,0x66,0x67,0x77,0x77,0x77,0x65,0x55,0x55,0x55,
  0x55,0x55,0x55,0x55,0x55,0x55,0x55,0x55,0x55,0x55,0x55,0x55,0x55,0x55,0x55,0x55,
  0x55,0x55,0x55,0x55,0x00,0x00,0x00,0x00,0x00,0x00,0x01,0x25,0x55,0x55,0x51,0x22,
  0x22,0xE3,0x33,0x32,0x43,0x32,0x51,0x55,0x55,0x55,0x02,0x22,0x24,0x33,0x32,0x33,
  0x21,0x55,0x55,0x50,0x11,0x00,0x00,0x11,0x18,0x86,0x68,0x66,0x66,0x66,0x66,0x66,
  0x66,0x68,0x68,0x99,0x99,0x99,0x99,0x9A,0xAA,0xBA,0xBC,0xBC,0xB9,0x99,0xBB,0xBB,
  0x9A,0xAA,0x99,0xAA,0xAA,0xA9,0x9A,0xAA,0xAA,0xA9,0x9A,0xAA,0xAA,0x9A,0xA9,0xA2,
  0x9A,0xBC,0xAC,0xCB,0xBB,0xBB,0xAA,0x99,0x86,0x66,0x66,0x66,0x68,0x68,0x88,0x00,
  0x01,0x11,0x11,0x20,0x55,0x55,0x55,0x55,0x55,0x55,0x55,0x55,0x55,0x55,0x55,0x55,
  0x00,0x00,0x00,0x00,0x00,0x00,0x00,0x00,0x00,0x11,0x22,0x22,0x22,0x33,0x33,0x33,
  0x66,0x66,0x66,0x66,0x66,0x77,0x77,0x77,0x76,0x55,0x55,0x55,0x55,0x55,0x55,0x55,
  0x55,0x55,0x55,0x55,0x55,0x55,0x55,0x55,0x55,0x55,0x55,0x55,0x55,0x55,0x55,0x55,
  0x55,0x55,0x55,0x55,0x00,0x00,0x00,0x00,0x00,0x00,0x01,0x25,0x55,0x55,0x51,0x22,
  0x22,0x43,0x33,0x32,0x43,0x32,0x15,0x55,0x55,0x55,0x02,0x22,0x24,0x33,0x32,0x33,
  0x15,0x15,0x55,0x50,0x00,0x01,0x18,0x88,0x88,0x88,0x88,0x88,0x88,0x88,0x88,0x88,
  0x88,0x88,0x88,0x89,0x9A,0xAB,0xA9,0x99,0xAB,0xAB,0xCD,0xCB,0xBA,0xBA,0xBB,0xBC,
  0x9A,0xA9,0xBB,0x9A,0xAA,0x9B,0xB9,0xAA,0xAA,0x9B,0xA9,0xAA,0xA9,0xBA,0xA9,0x99,
  0xAB,0xCB,0xBD,0xDC,0xCC,0xBB,0xA9,0x98,0x68,0x88,0x88,0x88,0x88,0x88,0x88,0x88,
  0x80,0x01,0x11,0x10,0x55,0x55,0x55,0x55,0x55,0x55,0x55,0x55,0x55,0x55,0x55,0x55,
  0x00,0x00,0x00,0x00,0x00,0x11,0x22,0x22,0x22,0x23,0x33,0x33,0x36,0x66,0x66,0x66,
  0x66,0x67,0x77,0x77,0x77,0x76,0x55,0x55,0x55,0x55,0x55,0x55,0x55,0x55,0x55,0x55,
  0x55,0x55,0x55,0x55,0x55,0x55,0x55,0x55,0x55,0x55,0x55,0x55,0x55,0x55,0x55,0x55,
  0x55,0x55,0x55,0x55,0x00,0x00,0x00,0x00,0x00,0x00,0x01,0x25,0x55,0x55,0x51,0x22,
  0x22,0x43,0x33,0x32,0x43,0x32,0x51,0x55,0x55,0x55,0x02,0x22,0x23,0x33,0x31,0x33,
  0x11,0x51,0x00,0x01,0x88,0x88,0x88,0x88,0x88,0x88,0x88,0x88,0x88,0x88,0x88,0x88,
  0x88,0x88,0x88,0x88,0x89,0xAA,0xB9,0x9A,0xBA,0xBC,0xCC,0xDC,0xBB,0xAB,0xAC,0xCA,
  0xAA,0x9B,0xBB,0xB9,0xA9,0xBB,0xBB,0x9A,0xA9,0xBB,0xBA,0x9A,0xA9,0xBB,0xA9,0xA9,
  0xAB,0xBC,0xBD,0xDC,0xCB,0xBA,0x98,0x86,0x88,0x88,0x88,0x88,0x88,0x88,0x88,0x88,
  0x88,0x80,0x01,0x10,0x55,0x55,0x55,0x55,0x55,0x55,0x55,0x55,0x55,0x55,0x55,0x55,
  0x00,0x01,0x12,0x22,0x22,0x23,0x33,0x33,0x33,0x33,0x66,0x66,0x66,0x66,0x67,0x77,
  0x77,0x77,0x65,0x55,0x55,0x55,0x55,0x55,0x55,0x55,0x55,0x55,0x55,0x55,0x55,0x55,
  0x55,0x55,0x55,0x55,0x55,0x55,0x55,0x55,0x55,0x55,0x55,0x55,0x55,0x55,0x55,0x55,
  0x55,0x55,0x55,0x55,0x00,0x00,0x00,0x00,0x00,0x00,0x01,0x25,0x55,0x55,0x50,0x22,
  0x22,0x43,0x33,0x31,0x43,0x32,0x15,0x15,0x55,0x55,0x02,0x22,0x24,0x33,0x32,0x33,
  0x10,0x00,0x18,0x88,0x88,0x88,0x88,0x88,0x88,0x88,0x88,0x88,0x88,0x88,0x88,0x88,
  0x88,0x88,0x88,0x88,0x88,0x89,0x99,0x9B,0xAC,0xBC,0xCD,0xCB,0xBB,0xBA,0xBA,0xBA,
  0xAA,0x9C,0xBB,0xC9,0xA9,0xCB,0xBC,0x9A,0xA9,0xCB,0xBA,0x9A,0xAA,0x99,0x9A,0x99,
  0xAB,0xCB,0xBD,0xCC,0xBB,0xAA,0x88,0x68,0x88,0x88,0x88,0x88,0x88,0x88,0x88,0x88,
  0x88,0x88,0x80,0x00,0x15,0x55,0x55,0x55,0x55,0x55,0x55,0x55,0x55,0x55,0x55,0x55,
  0x22,0x22,0x33,0x33,0x33,0x33,0x36,0x66,0x66,0x66,0x66,0x67,0x77,0x77,0x77,0x65,
  0x55,0x55,0x55,0x55,0x55,0x55,0x55,0x55,0x55,0x55,0x55,0x55,0x55,0x55,0x55,0x55,
  0x55,0x55,0x55,0x55,0x55,0x55,0x55,0x55,0x55,0x55,0x55,0x55,0x55,0x55,0x55,0x55,
  0x55,0x55,0x55,0x55,0x00,0x00,0x00,0x00,0x00,0x00,0x01,0x25,0x55,0x55,0x51,0x22,
  0x22,0x43,0x33,0x32,0x33,0x32,0x51,0x55,0x55,0x55,0x02,0x22,0x24,0x33,0x31,0x32,
  0x11,0x88,0x88,0x68,0x66,0x86,0x66,0x66,0x66,0x66,0x66,0x66,0x68,0x66,0x86,0x88,
  0x88,0x88,0x88,0x88,0x88,0x88,0x99,0xAA,0xCB,0xCC,0xCC,0xDC,0xDB,0xBC,0xAB,0xAB,
  0xAB,0xAB,0xCC,0xAA,0xAA,0xAC,0xCA,0xAA,0xAA,0xAC,0xB9,0xAA,0xAA,0xAA,0xA9,0xA9,
  0xBC,0xBC,0xBD,0xCB,0xBA,0xA8,0x66,0x66,0x66,0x66,0x66,0x66,0x66,0x66,0x66,0x66,
  0x66,0x86,0x88,0x81,0x00,0x11,0x55,0x55,0x55,0x55,0x55,0x55,0x55,0x55,0x55,0x55,
  0x33,0x33,0x33,0x33,0x66,0x66,0x66,0x66,0x77,0x77,0x77,0x76,0x55,0x55,0x55,0x55,
  0x55,0x55,0x55,0x55,0x55,0x55,0x55,0x55,0x55,0x55,0x55,0x55,0x55,0x55,0x55,0x55,
  0x55,0x55,0x55,0x55,0x55,0x55,0x55,0x55,0x55,0x55,0x55,0x55,0x55,0x55,0x55,0x55,
  0x55,0x55,0x55,0x55,0x00,0x00,0x00,0x00,0x00,0x00,0x01,0x25,0x55,0x55,0x50,0x22,
  0x22,0x43,0x33,0x31,0x43,0x32,0x15,0x15,0x55,0x55,0x02,0x22,0x23,0x33,0x31,0x22,
  0x18,0x88,0x88,0x88,0x88,0x88,0x88,0x88,0x88,0x88,0x88,0x88,0x88,0x88,0x88,0x88,
  0x88,0x88,0x88,0x89,0x99,0xAA,0xAA,0xAC,0xBC,0xCD,0xCD,0xDD,0xCD,0xCB,0xCA,0xBA,
  0xBA,0xBA,0xBA,0xAB,0xBB,0xAA,0xAA,0xAA,0xAA,0xA9,0x9A,0xAA,0xAA,0xAA,0xBA,0x9B,
  0xCB,0xCC,0xCC,0xBB,0xAA,0x86,0x68,0x88,0x88,0x88,0x88,0x88,0x88,0x88,0x88,0x88,
  0x88,0x88,0x88,0x88,0x81,0x00,0x11,0x55,0x55,0x55,0x55,0x55,0x55,0x55,0x55,0x55,
  0x36,0x66,0x66,0x66,0x66,0x77,0x77,0x77,0x76,0x55,0x55,0x55,0x55,0x55,0x55,0x55,
  0x55,0x55,0x55,0x55,0x55,0x55,0x55,0x55,0x55,0x55,0x55,0x55,0x55,0x55,0x55,0x55,
  0x55,0x55,0x55,0x55,0x55,0x55,0x55,0x55,0x55,0x55,0x55,0x55,0x55,0x55,0x55,0x55,
  0x55,0x55,0x55,0x55,0x00,0x00,0x00,0x00,0x00,0x12,0x62,0x25,0x55,0x55,0x50,0x22,
  0x22,0x43,0x33,0x31,0x33,0x31,0x51,0x51,0x55,0x55,0x02,0x22,0x24,0x33,0x21,0x11,
  0x18,0x88,0x88,0x88,0x88,0x88,0x88,0x88,0x88,0x88,0x88,0x88,0x88,0x88,0x88,0x88,
  0x89,0x99,0x99,0x9A,0xAB,0xCC,0xDB,0xCB,0xCC,0xDC,0xDD,0xDC,0xDC,0xDD,0xCC,0xBC,
  0xBB,0xBB,0xBB,0xBB,0xBB,0xBB,0xBA,0xBA,0xAB,0xAA,0xAA,0xAA,0xAA,0xBB,0xA9,0xBC,
  0xBC,0xCC,0xCB,0xBA,0x98,0x66,0x88,0x88,0x88,0x88,0x88,0x88,0x88,0x88,0x88,0x88,
  0x88,0x88,0x88,0x88,0x88,0x81,0x00,0x11,0x55,0x55,0x55,0x55,0x55,0x55,0x55,0x55,
  0x66,0x66,0x77,0x77,0x77,0x76,0x55,0x55,0x55,0x55,0x55,0x55,0x55,0x55,0x55,0x55,
  0x55,0x55,0x55,0x55,0x55,0x55,0x55,0x55,0x55,0x55,0x55,0x55,0x55,0x55,0x55,0x55,
  0x55,0x55,0x53,0x33,0x55,0x55,0x55,0x55,0x55,0x55,0x55,0x55,0x55,0x55,0x55,0x55,
  0x55,0x55,0x55,0x55,0x00,0x00,0x00,0x12,0x67,0x77,0x66,0x25,0x55,0x55,0x50,0x22,
  0x22,0x43,0x33,0x30,0x33,0x31,0x15,0x15,0x15,0x11,0x02,0x22,0x23,0x21,0x11,0x88,
  0x88,0x86,0x86,0x66,0x86,0x66,0x66,0x66,0x66,0x66,0x66,0x66,0x66,0x69,0x99,0x99,
  0x99,0xAA,0xAB,0xBB,0xBC,0xCD,0xCC,0xBC,0xCD,0xCD,0xDD,0xCD,0xCD,0xCC,0xDD,0xDC,
  0xCC,0xBB,0xBB,0xBB,0xBB,0xBB,0xBB,0xAB,0xAB,0xAB,0xAA,0xAB,0xBB,0xBA,0x9B,0xCB,
  0xCD,0xCC,0xBB,0xA9,0x86,0x66,0x66,0x66,0x66,0x66,0x66,0x66,0x66,0x66,0x66,0x66,
  0x66,0x66,0x66,0x66,0x66,0x68,0x88,0x10,0x11,0x55,0x55,0x55,0x55,0x55,0x55,0x55,
  0x77,0x77,0x65,0x55,0x55,0x55,0x55,0x55,0x55,0x55,0x55,0x55,0x55,0x55,0x55,0x55,
  0x55,0x55,0x55,0x55,0x55,0x55,0x55,0x55,0x55,0x55,0x55,0x55,0x55,0x55,0x55,0x23,
  0x55,0x53,0xFF,0x55,0xFF,0x35,0x55,0x55,0x55,0x55,0x55,0x55,0x55,0x55,0x55,0x55,
  0x55,0x55,0x55,0x55,0x00,0x12,0x67,0x77,0x76,0x22,0x55,0x55,0x55,0x55,0x50,0x22,
  0x22,0x33,0x33,0x30,0x33,0x31,0x51,0x11,0x11,0x88,0x00,0x01,0x11,0x18,0x88,0x88,
  0x88,0x88,0x88,0x88,0x88,0x88,0x88,0x88,0x88,0x99,0x99,0x99,0x9A,0xAA,0xAA,0xAB,
  0xBB,0xBB,0xBB,0xBC,0xCC,0xDC,0xDC,0xCC,0xDC,0xDD,0xDD,0xDC,0xDC,0xDC,0xCB,0xCD,
  0xDD,0xDC,0xCB,0xCB,0xCB,0xBB,0xBB,0xBA,0xBA,0xBB,0xBB,0xBB,0xAA,0xAB,0xBC,0xBC,
  0xCD,0xCC,0xBA,0x98,0x66,0x88,0x88,0x88,0x88,0x88,0x86,0x88,0x68,0x66,0x66,0x66,
  0x68,0x68,0x88,0x68,0x88,0x88,0x88,0x88,0x10,0x11,0x55,0x55,0x55,0x55,0x55,0x55,
  0x55,0x55,0x55,0x55,0x55,0x55,0x55,0x55,0x55,0x55,0x55,0x55,0x55,0x55,0x55,0x55,
  0x55,0x55,0x55,0x55,0x55,0x55,0x55,0x55,0x55,0x55,0x55,0x55,0x55,0x55,0x55,0x52,
  0x35,0x3F,0xF1,0x5F,0x35,0x55,0x55,0x55,0x55,0x55,0x55,0x55,0x55,0x55,0x55,0x55,
  0x55,0x55,0x55,0x55,0x26,0x77,0x76,0x22,0x55,0x55,0x55,0x55,0x55,0x55,0x50,0x22,
  0x22,0x43,0x33,0x30,0x33,0x31,0x11,0x18,0x88,0x88,0x88,0x88,0x66,0x66,0x66,0x66,
  0x66,0x66,0x66,0x66,0x66,0x66,0x66,0x66,0x66,0x66,0x66,0x66,0x66,0x66,0x66,0x66,
  0x88,0x88,0x88,0x88,0x88,0x88,0xBC,0xCD,0xCD,0xDD,0xDD,0xDD,0xDD,0xCD,0xCC,0xBB,
  0xBC,0xCC,0xDD,0xCC,0xCC,0xCC,0xCC,0xCC,0xCC,0xCB,0xBA,0xAA,0xBB,0xBB,0xCC,0xCC,
  0xDD,0xDC,0xBA,0x98,0x66,0x66,0x66,0x66,0x66,0x66,0x66,0x66,0x66,0x66,0x66,0x66,
  0x66,0x66,0x66,0x66,0x66,0x66,0x66,0x68,0x88,0x11,0x11,0x55,0x55,0x55,0x55,0x55,
  0x55,0x55,0x55,0x55,0x55,0x55,0x55,0x55,0x55,0x55,0x55,0x55,0x55,0x55,0x55,0x55,
  0x55,0x55,0x55,0x55,0x55,0x55,0x55,0x55,0x55,0x55,0x55,0x55,0x55,0x3F,0xFF,0x11,
  0x22,0x3F,0x15,0xF3,0x55,0x55,0x55,0x55,0x55,0x55,0x55,0x55,0x55,0x55,0x55,0x55,
  0x55,0x55,0x55,0x55,0x26,0x62,0x55,0x55,0x55,0x55,0x55,0x55,0x55,0x55,0x10,0x22,
  0x22,0x43,0x33,0x30,0x33,0x21,0x88,0x88,0x88,0x66,0x66,0x66,0x66,0x66,0x66,0x66,
  0x66,0x66,0x66,0x66,0x66,0x66,0x66,0x66,0x66,0x66,0x66,0x66,0x66,0x66,0x66,0x66,
  0x66,0x66,0x66,0x88,0x88,0x8A,0xBC,0xDC,0xDD,0xDD,0xED,0xDD,0xDD,0xDD,0xDC,0xCC,
  0xCB,0xBA,0x99,0x89,0x89,0x89,0x89,0x89,0x89,0x99,0xAB,0xBC,0xCC,0xBB,0xCD,0xCD,
  0xDD,0xDC,0xBA,0x99,0x86,0x66,0x66,0x66,0x66,0x66,0x66,0x66,0x66,0x66,0x66,0x66,
  0x66,0x66,0x66,0x66,0x66,0x66,0x66,0x66,0x68,0x88,0x11,0x11,0x55,0x55,0x55,0x55,
  0x55,0x55,0x55,0x55,0x55,0x55,0x55,0x55,0x55,0x55,0x55,0x55,0x55,0x55,0x55,0x55,
  0x55,0x55,0x55,0x55,0x55,0x55,0x55,0x55,0x55,0x55,0x55,0x55,0x53,0x33,0x33,0xFF,
  0x32,0x3F,0x1F,0x32,0x5F,0xF3,0x55,0x55,0x55,0x55,0x55,0x55,0x55,0x55,0x55,0x55,
  0x55,0x55,0x55,0x55,0x55,0x55,0x55,0x55,0x55,0x55,0x55,0x55,0x55,0x55,0x10,0x22,
  0x22,0x33,0x33,0x30,0x32,0x21,0x88,0x88,0x88,0x88,0x88,0x88,0x88,0x88,0x88,0x88,
  0x88,0x68,0x88,0x68,0x66,0x66,0x66,0x68,0x68,0x68,0x68,0x68,0x88,0x88,0x88,0x88,
  0x88,0x88,0x88,0x88,0x88,0xAB,0xCD,0xCD,0xDD,0xDD,0xEE,0xED,0xDD,0xEE,0xED,0xDC,
  0xCC,0xBA,0x98,0x98,0x98,0x98,0x98,0x98,0x99,0x9A,0xBB,0xCD,0xDD,0xBC,0xDC,0xDD,
  0xDD,0xDC,0xBA,0xA9,0x99,0x86,0x76,0x68,0x68,0x86,0x88,0x88,0x88,0x88,0x68,0x66,
  0x66,0x66,0x66,0x66,0x66,0x68,0x68,0x88,0x88,0x88,0x88,0x11,0x11,0x55,0x55,0x55,
  0x55,0x55,0x55,0x55,0x55,0x55,0x55,0x55,0x55,0x55,0x55,0x55,0x55,0x51,0x00,0x11,
  0x55,0x55,0x55,0x55,0x55,0x55,0x55,0x55,0x55,0x55,0x55,0x55,0x35,0x55,0x22,0x32,
  0x31,0x23,0x23,0x22,0xF3,0x55,0x55,0x55,0x55,0x55,0x55,0x55,0x55,0x55,0x55,0x55,
  0x55,0x55,0x55,0x55,0x55,0x55,0x55,0x55,0x55,0x55,0x55,0x55,0x55,0x55,0x10,0x22,
  0x22,0x43,0x33,0x30,0x01,0x11,0x86,0x66,0x66,0x66,0x66,0x66,0x66,0x66,0x66,0x66,
  0x66,0x66,0x66,0x66,0x66,0x66,0x66,0x66,0x66,0x66,0x66,0x66,0x66,0x66,0x66,0x66,
  0x66,0x66,0x66,0x68,0x8A,0xBC,0xDC,0xDD,0xDD,0xDD,0xEE,0xED,0xDD,0xEE,0xEE,0xDD,
  0xCC,0xCB,0x99,0x99,0x89,0x89,0x89,0x88,0x99,0xAB,0xBC,0xCD,0xDD,0xBC,0xCD,0xDD,
  0xDD,0xDC,0xBB,0xAA,0xA9,0x98,0x67,0x76,0x66,0x66,0x66,0x66,0x66,0x66,0x66,0x66,
  0x66,0x66,0x66,0x66,0x66,0x66,0x66,0x66,0x66,0x66,0x68,0x88,0x11,0x11,0x55,0x55,
  0x55,0x55,0x55,0x55,0x55,0x55,0x55,0x55,0x55,0x55,0x55,0x51,0x00,0x00,0x00,0x12,
  0x55,0x55,0x55,0x55,0x55,0x55,0x55,0x55,0x55,0x55,0x55,0x55,0x55,0x11,0x11,0x3F,
  0xF2,0x12,0x2F,0xF3,0x33,0xFF,0xCC,0x55,0x55,0x55,0x55,0x55,0x55,0x55,0x55,0x55,
  0x55,0x55,0x55,0x55,0x55,0x55,0x55,0x55,0x55,0x55,0x55,0x55,0x55,0x11,0x10,0x22,
  0x22,0x33,0x21,0x10,0x18,0x88,0x66,0x66,0x66,0x66,0x66,0x66,0x66,0x66,0x66,0x66,
  0x66,0x66,0x66,0x66,0x66,0x66,0x66,0x66,0x66,0x66,0x66,0x66,0x68,0x68,0x88,0x68,
  0x88,0x88,0x88,0x88,0xAB,0xCD,0xDD,0xDD,0xDD,0xDD,0xEE,0xEE,0xDD,0xDD,0xEE,0xDD,
  0xDC,0xCB,0xA9,0x99,0x99,0x99,0x99,0x99,0x9A,0xAB,0xBC,0xDD,0xDD,0xCC,0xDE,0xDD,
  0xEE,0xDD,0xCB,0xBB,0xAA,0xA9,0x98,0x67,0x76,0x66,0x66,0x66,0x66,0x66,0x66,0x66,
  0x66,0x66,0x66,0x66,0x66,0x66,0x66,0x66,0x66,0x66,0x66,0x68,0x88,0x11,0x11,0x55,
  0x55,0x55,0x55,0x55,0x55,0x55,0x55,0x55,0x51,0x00,0x00,0x00,0x00,0x00,0x00,0x11,
  0x55,0x55,0x55,0x55,0x55,0x55,0x55,0x55,0x55,0x55,0x55,0x55,0x55,0x51,0x22,0x22,
  0x3F,0x22,0x11,0x2F,0x3F,0x23,0x3F,0xC5,0x55,0x55,0x55,0x55,0x55,0x55,0x55,0x55,
  0x55,0x55,0x55,0x55,0x55,0x55,0x55,0x55,0x55,0x55,0x55,0x11,0x11,0x18,0x80,0x00,
  0x11,0x11,0x18,0x88,0x66,0x66,0x66,0x66,0x66,0x66,0x66,0x66,0x66,0x66,0x66,0x66,
  0x66,0x66,0x66,0x66,0x66,0x66,0x66,0x66,0x66,0x66,0x66,0x66,0x66,0x66,0x66,0x66,
  0x66,0x66,0x66,0x8A,0xBC,0xDD,0xDD,0xDD,0xDD,0xDD,0xDE,0xED,0xDD,0xDD,0xDE,0xED,
  0xDD,0xCB,0xAA,0x99,0x99,0xAA,0xAA,0x99,0xAA,0xBC,0xCD,0xDD,0xDD,0xCD,0xEE,0xDE,
  0xEE,0xDD,0xCC,0xBB,0xBB,0xAA,0xA9,0x86,0x77,0x66,0x66,0x66,0x66,0x66,0x66,0x66,
  0x66,0x66,0x66,0x66,0x66,0x66,0x66,0x66,0x66,0x66,0x66,0x66,0x68,0x88,0x11,0x11,
  0x55,0x55,0x55,0x55,0x55,0x55,0x10,0x00,0x00,0x00,0x00,0x00,0x00,0x00,0x00,0x12,
  0x55,0x55,0x55,0x55,0x55,0x55,0x55,0x55,0x55,0x55,0x55,0x55,0x3F,0x3F,0xF1,0x32,
  0x23,0x12,0xF2,0x12,0x21,0x15,0x55,0x3F,0x55,0x55,0x55,0x55,0x55,0x55,0x55,0x55,
  0x55,0x55,0x55,0x55,0x55,0x55,0x55,0x55,0x55,0x51,0x11,0x11,0x88,0x88,0x88,0x88,
  0x88,0x88,0x88,0x88,0x88,0x88,0x86,0x88,0x86,0x86,0x66,0x66,0x66,0x66,0x66,0x66,
  0x66,0x66,0x66,0x66,0x66,0x66,0x66,0x66,0x67,0x67,0x67,0x67,0x67,0x66,0x66,0x66,
  0x66,0x66,0x68,0xAA,0xCD,0xCD,0xDD,0xDD,0xDC,0xCC,0xDD,0xDD,0xDD,0xDD,0xEE,0xED,
  0xED,0xDC,0xBA,0x99,0xAB,0xBB,0xAA,0xAA,0xAB,0xCC,0xDD,0xEE,0xED,0xCE,0xED,0xEE,
  0xEE,0xDD,0xCC,0xCC,0xBB,0xBA,0xAA,0x99,0x86,0x77,0x77,0x77,0x67,0x67,0x67,0x67,
  0x67,0x66,0x66,0x67,0x67,0x67,0x77,0x77,0x67,0x66,0x66,0x66,0x66,0x68,0x88,0x11,
  0x55,0x55,0x55,0x55,0x00,0x00,0x00,0x00,0x00,0x00,0x00,0x00,0x00,0x00,0x00,0x12,
  0x55,0x55,0x55,0x55,0x55,0x55,0x55,0x55,0x55,0x55,0x55,0x53,0x33,0x33,0x3F,0x13,
  0x11,0x21,0x3F,0x33,0xFF,0xFC,0xC5,0x53,0x55,0x55,0x55,0x55,0x55,0x55,0x55,0x55,
  0x55,0x55,0x55,0x55,0x55,0x55,0x55,0x55,0x11,0x11,0x18,0x88,0x86,0x66,0x66,0x66,
  0x66,0x66,0x66,0x66,0x66,0x66,0x66,0x66,0x66,0x66,0x66,0x66,0x66,0x66,0x66,0x66,
  0x66,0x66,0x66,0x66,0x66,0x66,0x66,0x66,0x66,0x66,0x66,0x66,0x66,0x66,0x66,0x66,
  0x66,0x66,0x8A,0xAB,0xDC,0xDC,0xCC,0xCC,0xCB,0xBA,0xDD,0xDD,0xDD,0xDD,0xBB,0xBD,
  0xEE,0xDD,0xCB,0x9A,0xBC,0xCC,0xBB,0xBA,0xAC,0xCD,0xDE,0xEE,0xED,0xDE,0xEE,0xEE,
  0xEE,0xDD,0xCC,0xCC,0xCC,0xCB,0xBA,0xAA,0x99,0x87,0x77,0x66,0x66,0x66,0x66,0x66,
  0x66,0x66,0x66,0x66,0x66,0x66,0x66,0x76,0x66,0x66,0x66,0x66,0x66,0x66,0x88,0x88,
  0x55,0x55,0x55,0x55,0x00,0x00,0x00,0x00,0x00,0x00,0x00,0x00,0x00,0x00,0x00,0x11,
  0x55,0x55,0x55,0x55,0x55,0x55,0x55,0x55,0x55,0x55,0x55,0x32,0x11,0x11,0x23,0xF2,
  0x3F,0xF1,0x11,0x23,0x33,0x3F,0xFC,0x55,0x55,0x55,0x55,0x55,0x55,0x55,0x55,0x55,
  0x55,0x55,0x55,0x55,0x55,0x55,0x11,0x11,0x18,0x88,0x88,0x66,0x66,0x66,0x66,0x66,
  0x66,0x66,0x66,0x66,0x66,0x66,0x66,0x66,0x66,0x66,0x66,0x66,0x66,0x66,0x66,0x66,
  0x66,0x66,0x66,0x66,0x66,0x66,0x66,0x66,0x66,0x66,0x66,0x66,0x66,0x66,0x66,0x66,
  0x67,0x68,0x9A,0xBC,0xCC,0xCC,0xCB,0xBB,0xBA,0x8A,0xCD,0xDD,0xDD,0xDB,0x88,0x8B,
  0xEE,0xED,0xDC,0xBB,0xCD,0xDD,0xCC,0xBB,0xCD,0xDD,0xE8,0x8D,0xEE,0xDE,0xE8,0x88,
  0x88,0x88,0xBB,0xBB,0xCC,0xCC,0xBB,0xAA,0xA9,0x98,0x87,0x77,0x66,0x66,0x66,0x66,
  0x66,0x66,0x66,0x66,0x66,0x66,0x66,0x67,0x66,0x66,0x66,0x66,0x66,0x66,0x66,0x88,
  0x55,0x55,0x55,0x55,0x00,0x00,0x00,0x00,0x00,0x00,0x00,0x00,0x00,0x00,0x00,0x12,
  0x55,0x55,0x55,0x55,0x55,0x55,0x55,0x55,0x55,0x55,0x55,0x55,0x55,0x51,0x11,0x12,
  0x12,0x3F,0x1F,0x22,0x11,0x12,0x23,0xC5,0x55,0x55,0x55,0x55,0x55,0x55,0x55,0x55,
  0x55,0x55,0x55,0x55,0x51,0x11,0x11,0x88,0x88,0x86,0x66,0x66,0x66,0x66,0x66,0x66,
  0x66,0x66,0x66,0x66,0x66,0x66,0x66,0x66,0x66,0x66,0x66,0x66,0x66,0x66,0x66,0x66,
  0x66,0x66,0x66,0x66,0x66,0x66,0x66,0x66,0x66,0x66,0x66,0x66,0x66,0x66,0x66,0x67,
  0x76,0x89,0xAA,0xCB,0xCB,0xBB,0xBB,0xA8,0x88,0x8A,0xCD,0xDD,0xDD,0xB8,0x66,0x88,
  0xBE,0xEE,0xDD,0xCD,0xDE,0xEB,0x88,0xDC,0xDD,0xEE,0xE6,0x88,0xDE,0xDE,0xEB,0x66,
  0x66,0x66,0x88,0x88,0x8B,0xBB,0xBB,0xBA,0xAA,0xA9,0x98,0x77,0x77,0x66,0x66,0x66,
  0x66,0x66,0x66,0x66,0x66,0x66,0x66,0x66,0x76,0x66,0x66,0x66,0x66,0x66,0x66,0x68,
  0x55,0x55,0x55,0x55,0x00,0x00,0x00,0x00,0x00,0x00,0x00,0x00,0x00,0x00,0x00,0x12,
  0x55,0x55,0x55,0x55,0x55,0x55,0x55,0x55,0x55,0x55,0x55,0x55,0x55,0xFF,0x11,0x3F,
  0x32,0x13,0x13,0x21,0x13,0xFF,0x52,0x3F,0x55,0x55,0x55,0x55,0x55,0x55,0x55,0x55,
  0x55,0x55,0x51,0x11,0x11,0x88,0x88,0x88,0x66,0x66,0x66,0x66,0x66,0x66,0x66,0x66,
  0x66,0x66,0x66,0x66,0x66,0x66,0x66,0x66,0x66,0x66,0x66,0x66,0x66,0x66,0x66,0x66,
  0x66,0x66,0x66,0x66,0x66,0x66,0x66,0x66,0x66,0x66,0x66,0x66,0x66,0x66,0x67,0x77,
  0x88,0x9A,0xAC,0xBC,0xBB,0xBB,0xA8,0x88,0x66,0x8A,0xCD,0xDD,0xBB,0x86,0x66,0x66,
  0x8B,0xEE,0xED,0xDD,0xEE,0xB6,0x66,0x8D,0xDE,0xEE,0xE6,0x68,0x88,0xDE,0xDB,0xA6,
  0x66,0x66,0x66,0x66,0x68,0x88,0x88,0xBB,0xBA,0xA9,0x99,0x86,0x77,0x77,0x66,0x66,
  0x66,0x67,0x66,0x66,0x66,0x66,0x66,0x66,0x67,0x66,0x66,0x66,0x66,0x66,0x66,0x66,
  0x55,0x55,0x55,0x55,0x00,0x00,0x00,0x00,0x00,0x00,0x00,0x00,0x00,0x00,0x00,0x12,
  0x55,0x55,0x55,0x55,0x55,0x55,0x55,0x55,0x55,0x55,0x55,0x53,0xFF,0x33,0x22,0x11,
  0x11,0x21,0x11,0x1F,0xCC,0x13,0xF5,0x53,0x55,0x55,0x55,0x55,0x55,0x55,0x55,0x55,
  0x51,0x11,0x11,0x18,0x88,0x88,0x66,0x66,0x66,0x66,0x66,0x66,0x66,0x66,0x66,0x66,
  0x66,0x66,0x66,0x66,0x66,0x66,0x66,0x66,0x66,0x66,0x66,0x66,0x66,0x66,0x76,0x76,
  0x76,0x76,0x66,0x76,0x77,0x77,0x77,0x77,0x76,0x76,0x76,0x76,0x77,0x77,0x77,0x68,
  0x99,0xAA,0xBB,0xBB,0xBB,0xA8,0x86,0x66,0x66,0x8A,0xBD,0xCB,0x86,0x66,0x66,0x66,
  0x68,0xBE,0xED,0xEE,0xEB,0x66,0x66,0x68,0xEE,0xEE,0xE6,0x66,0x68,0x8D,0xDC,0xBA,
  0x66,0x66,0x66,0x66,0x66,0x66,0x66,0x88,0x88,0x89,0x99,0x98,0x67,0x77,0x77,0x76,
  0x76,0x76,0x76,0x76,0x76,0x76,0x76,0x76,0x76,0x76,0x76,0x76,0x76,0x76,0x66,0x66,
  0x55,0x55,0x55,0x55,0x00,0x00,0x00,0x00,0x00,0x00,0x00,0x00,0x00,0x00,0x00,0x12,
  0x55,0x55,0x55,0x55,0x55,0x55,0x55,0x55,0x55,0x55,0x55,0x51,0x33,0x21,0x11,0xFF,
  0x23,0xFF,0x31,0x21,0x2F,0xC5,0x53,0x55,0x55,0x55,0x55,0x55,0x55,0x55,0x55,0x11,
  0x11,0x18,0x88,0x88,0x86,0x66,0x66,0x66,0x66,0x66,0x67,0x66,0x66,0x66,0x66,0x66,
  0x66,0x67,0x66,0x66,0x66,0x66,0x66,0x66,0x66,0x66,0x66,0x66,0x66,0x66,0x66,0x66,
  0x66,0x66,0x66,0x66,0x66,0x66,0x66,0x66,0x66,0x66,0x66,0x66,0x66,0x67,0x76,0x89,
  0x99,0xAB,0xAA,0xAA,0x88,0x86,0x66,0x66,0x66,0x8A,0xAC,0xB8,0x66,0x66,0x66,0x66,
  0x66,0x8B,0xEE,0xEE,0xB6,0x66,0x67,0x66,0x8E,0xEE,0xE6,0x66,0x66,0x88,0xCC,0xCB,
  0xA6,0x66,0x66,0x66,0x67,0x66,0x66,0x66,0x66,0x68,0x88,0x88,0x88,0x66,0x66,0x66,
  0x66,0x66,0x67,0x66,0x66,0x66,0x66,0x66,0x66,0x66,0x67,0x66,0x66,0x66,0x66,0x66,
  0x55,0x55,0x55,0x55,0x00,0x00,0x00,0x00,0x00,0x00,0x00,0x00,0x00,0x00,0x00,0x12,
  0x55,0x55,0x55,0x55,0x55,0x55,0x55,0x55,0x55,0x55,0x55,0x55,0x11,0x12,0x3F,0xF2,
  0x3F,0xFF,0x11,0x21,0x11,0x3F,0x55,0x55,0x55,0x55,0x55,0x55,0x55,0x11,0x11,0x18,
  0x88,0x88,0x88,0x66,0x66,0x66,0x66,0x66,0x66,0x76,0x66,0x66,0x66,0x66,0x66,0x66,
  0x76,0x66,0x66,0x66,0x66,0x66,0x66,0x66,0x77,0x66,0x66,0x66,0x66,0x66,0x66,0x66,
  0x66,0x66,0x66,0x66,0x66,0x66,0x76,0x66,0x66,0x66,0x66,0x66,0x66,0x77,0x68,0x99,
  0x9A,0xAA,0xA8,0x88,0x66,0x66,0x66,0x66,0x66,0x8A,0xAA,0x86,0x66,0x66,0x66,0x66,
  0x66,0x68,0xBE,0xEB,0x66,0x66,0x66,0x66,0x68,0xEE,0xE6,0x66,0x66,0x66,0x88,0xCB,
  0xA6,0x66,0x66,0x66,0x66,0x76,0x66,0x66,0x66,0x66,0x66,0x66,0x66,0x66,0x66,0x66,
  0x66,0x66,0x66,0x76,0x66,0x66,0x66,0x66,0x66,0x66,0x66,0x76,0x66,0x66,0x66,0x66,
  0x55,0x55,0x55,0x55,0x00,0x00,0x00,0x00,0x00,0x00,0x00,0x00,0x00,0x00,0x00,0x12,
  0x55,0x55,0x55,0x55,0x55,0x55,0x55,0x55,0x55,0x55,0x55,0x55,0x51,0x1F,0xF2,0x31,
  0x13,0x21,0x3F,0x32,0x32,0x23,0xF5,0x55,0x55,0x55,0x55,0x11,0x11,0x11,0x88,0x88,
  0x88,0x66,0x66,0x66,0x66,0x66,0x66,0x67,0x66,0x66,0x66,0x66,0x66,0x66,0x67,0x66,
  0x66,0x66,0x66,0x66,0x66,0x66,0x66,0x77,0x66,0x66,0x66,0x66,0x66,0x66,0x67,0x66,
  0x66,0x66,0x66,0x66,0x66,0x67,0x66,0x66,0x66,0x66,0x66,0x66,0x67,0x76,0x89,0x99,
  0xAA,0x88,0x86,0x67,0x66,0x66,0x66,0x66,0x66,0x8A,0x88,0x66,0x66,0x66,0x66,0x66,
  0x67,0x66,0x8B,0xB6,0x66,0x66,0x66,0x66,0x66,0x8E,0xE6,0x66,0x66,0x66,0x68,0x8B,
  0xA6,0x66,0x66,0x66,0x66,0x66,0x66,0x66,0x66,0x66,0x66,0x66,0x76,0x66,0x66,0x66,
  0x66,0x66,0x66,0x67,0x66,0x66,0x66,0x66,0x66,0x66,0x66,0x66,0x67,0x66,0x66,0x66,
  0x55,0x55,0x55,0x55,0x00,0x00,0x00,0x00,0x00,0x00,0x00,0x00,0x00,0x00,0x00,0x12,
  0x55,0x55,0x55,0x55,0x55,0x55,0x55,0x55,0x55,0x55,0x55,0x55,0x52,0x1F,0x21,0x3F,
  0xF3,0x02,0x13,0xF3,0xFF,0x22,0x23,0x55,0x55,0x51,0x11,0x11,0x88,0x88,0x88,0x66,
  0x66,0x66,0x66,0x66,0x66,0x66,0x76,0x76,0x66,0x66,0x66,0x66,0x66,0x66,0x76,0x66,
  0x66,0x66,0x66,0x66,0x66,0x66,0x77,0x66,0x66,0x66,0x66,0x66,0x66,0x66,0x76,0x66,
  0x66,0x66,0x66,0x66,0x66,0x76,0x66,0x66,0x66,0x66,0x66,0x66,0x76,0x68,0x99,0x99,
  0x88,0x66,0x66,0x76,0x66,0x66,0x66,0x66,0x66,0x88,0x86,0x66,0x66,0x66,0x66,0x66,
  0x66,0x66,0x66,0x66,0x66,0x66,0x66,0x76,0x66,0x68,0x86,0x66,0x66,0x66,0x76,0x68,
  0x86,0x66,0x66,0x66,0x66,0x66,0x66,0x66,0x66,0x66,0x66,0x66,0x67,0x66,0x66,0x66,
  0x66,0x66,0x66,0x66,0x66,0x66,0x66,0x66,0x66,0x66,0x66,0x66,0x66,0x76,0x66,0x66,
  0x55,0x55,0x55,0x55,0x00,0x00,0x00,0x00,0x00,0x00,0x00,0x00,0x00,0x00,0x00,0x12,
  0x55,0x55,0x55,0x55,0x55,0x55,0x55,0x55,0x55,0x55,0x55,0x55,0x21,0x52,0x11,0xFF,
  0x10,0xFF,0x21,0x3F,0x13,0xF1,0x23,0x51,0x00,0x01,0x18,0x88,0x88,0x66,0x66,0x66,
  0x66,0x66,0x66,0x66,0x67,0x67,0x66,0x66,0x66,0x66,0x66,0x66,0x67,0x66,0x66,0x66,
  0x66,0x66,0x66,0x66,0x66,0x67,0x66,0x66,0x66,0x66,0x66,0x66,0x66,0x66,0x66,0x66,
  0x66,0x66,0x66,0x66,0x67,0x66,0x66,0x66,0x66,0x66,0x66,0x67,0x66,0x89,0x98,0x88,
  0x66,0x66,0x66,0x66,0x66,0x66,0x66,0x66,0x66,0x67,0x66,0x66,0x66,0x66,0x66,0x66,
  0x67,0x66,0x66,0x66,0x66,0x66,0x66,0x66,0x66,0x66,0x66,0x66,0x66,0x66,0x67,0x66,
  0x66,0x66,0x66,0x66,0x66,0x67,0x66,0x66,0x66,0x66,0x66,0x66,0x66,0x76,0x66,0x66,
  0x66,0x66,0x66,0x66,0x67,0x66,0x66,0x66,0x66,0x66,0x66,0x66,0x66,0x66,0x67,0x66,
  0x55,0x55,0x55,0x55,0x00,0x00,0x00,0x00,0x00,0x00,0x00,0x00,0x00,0x00,0x00,0x12,
  0x55,0x55,0x55,0x55,0x55,0x55,0x55,0x55,0x55,0x55,0x55,0x55,0x15,0x11,0x21,0xF1,
  0x00,0x3F,0x00,0x13,0x11,0x31,0x00,0x00,0x18,0x88,0x88,0x86,0x66,0x66,0x66,0x66,
  0x66,0x66,0x66,0x76,0x76,0x66,0x66,0x66,0x66,0x66,0x66,0x76,0x76,0x66,0x66,0x66,
  0x66,0x66,0x66,0x66,0x76,0x66,0x66,0x66,0x66,0x66,0x66,0x66,0x76,0x66,0x66,0x66,
  0x66,0x66,0x66,0x66,0x76,0x66,0x66,0x66,0x66,0x66,0x66,0x66,0x68,0x88,0x86,0x66,
  0x66,0x66,0x66,0x66,0x66,0x66,0x66,0x66,0x66,0x66,0x66,0x66,0x66,0x66,0x66,0x66,
  0x66,0x66,0x66,0x66,0x66,0x66,0x66,0x76,0x66,0x66,0x66,0x66,0x66,0x66,0x66,0x66,
  0x66,0x66,0x66,0x66,0x66,0x66,0x76,0x66,0x66,0x66,0x66,0x66,0x66,0x66,0x66,0x66,
  0x66,0x66,0x66,0x66,0x66,0x76,0x66,0x66,0x66,0x66,0x66,0x66,0x66,0x66,0x66,0x76,
  0x55,0x55,0x55,0x55,0x00,0x00,0x00,0x00,0x00,0x00,0x00,0x00,0x00,0x00,0x12,0x12,
  0x55,0x55,0x55,0x55,0x55,0x55,0x55,0x55,0x55,0x55,0x55,0x55,0x55,0x12,0x10,0x18,
  0x88,0x13,0x1A,0xA1,0x00,0x20,0x11,0x88,0x88,0x86,0x66,0x66,0x66,0x66,0x67,0x67,
  0x67,0x67,0x67,0x67,0x67,0x67,0x67,0x67,0x67,0x67,0x67,0x67,0x67,0x67,0x67,0x67,
  0x67,0x67,0x67,0x67,0x67,0x67,0x67,0x67,0x67,0x67,0x67,0x67,0x67,0x67,0x67,0x77,
  0x77,0x67,0x67,0x67,0x67,0x67,0x67,0x67,0x77,0x77,0x67,0x67,0x77,0x74,0x44,0x47,
  0x77,0x67,0x67,0x67,0x67,0x67,0x67,0x67,0x67,0x67,0x67,0x67,0x67,0x77,0x77,0x67,
  0x67,0x67,0x67,0x67,0x77,0x44,0x44,0x44,0x44,0x44,0x74,0x77,0x77,0x67,0x67,0x67,
  0x67,0x77,0x74,0x77,0x44,0x44,0x44,0x44,0x44,0x47,0x47,0x77,0x77,0x77,0x77,0x67,
  0x67,0x67,0x67,0x67,0x67,0x77,0x77,0x77,0x77,0x67,0x67,0x67,0x67,0x67,0x67,0x67,
  0x55,0x55,0x55,0x55,0x00,0x00,0x00,0x00,0x00,0x00,0x00,0x00,0x01,0x26,0x66,0x62,
  0x55,0x55,0x55,0x55,0x55,0x55,0x55,0x55,0x55,0x55,0x55,0x55,0x51,0x11,0x50,0x01,
  0x01,0x11,0x88,0x99,0x11,0x88,0x88,0x86,0x66,0x66,0x66,0x66,0x66,0x66,0x66,0x66,
  0x76,0x76,0x66,0x66,0x66,0x66,0x66,0x66,0x66,0x76,0x66,0x66,0x66,0x66,0x66,0x66,
  0x66,0x66,0x76,0x66,0x66,0x66,0x66,0x66,0x66,0x66,0x66,0x76,0x66,0x66,0x66,0x66,
  0x66,0x66,0x66,0x76,0x66,0x66,0x66,0x66,0x66,0x66,0x66,0x66,0x66,0x66,0x66,0x66,
  0x66,0x66,0x76,0x66,0x66,0x66,0x66,0x66,0x66,0x76,0x66,0x66,0x66,0x66,0x66,0x66,
  0x66,0x66,0x66,0x66,0x66,0x66,0x66,0x76,0x66,0x66,0x66,0x66,0x66,0x66,0x66,0x76,
  0x66,0x66,0x66,0x66,0x66,0x66,0x66,0x76,0x66,0x66,0x66,0x66,0x66,0x66,0x66,0x76,
  0x66,0x66,0x66,0x66,0x66,0x66,0x66,0x76,0x66,0x66,0x66,0x66,0x66,0x66,0x66,0x66,
  0x55,0x55,0x55,0x55,0x00,0x00,0x00,0x00,0x00,0x00,0x01,0x26,0x66,0x66,0x66,0x25,
  0x55,0x55,0x55,0x55,0x55,0x55,0x55,0x55,0x55,0x55,0x55,0x55,0x55,0x15,0x10,0x18,
  0x98,0x99,0x99,0xAA,0x88,0x88,0x86,0x66,0x66,0x66,0x66,0x66,0x66,0x66,0x67,0x67,
  0x66,0x66,0x66,0x66,0x66,0x66,0x66,0x67,0x66,0x66,0x66,0x66,0x66,0x66,0x66,0x66,
  0x67,0x67,0x66,0x66,0x66,0x66,0x66,0x66,0x66,0x67,0x66,0x66,0x66,0x66,0x66,0x66,
  0x66,0x67,0x67,0x66,0x66,0x66,0x66,0x66,0x66,0x66,0x66,0x66,0x66,0x66,0x66,0x66,
  0x66,0x67,0x66,0x66,0x66,0x66,0x66,0x66,0x66,0x76,0x66,0x66,0x66,0x66,0x66,0x66,
  0x67,0x66,0x66,0x66,0x66,0x66,0x66,0x67,0x66,0x66,0x66,0x66,0x66,0x66,0x66,0x66,
  0x66,0x66,0x66,0x66,0x66,0x66,0x66,0x67,0x66,0x66,0x66,0x66,0x66,0x66,0x66,0x67,
  0x66,0x66,0x66,0x66,0x66,0x66,0x66,0x67,0x66,0x66,0x66,0x66,0x66,0x66,0x66,0x66,
  0x55,0x55,0x55,0x55,0x00,0x00,0x00,0x00,0x01,0x26,0x66,0x66,0x66,0x25,0x55,0x55,
  0x55,0x55,0x55,0x55,0x55,0x55,0x55,0x55,0x55,0x55,0x55,0x55,0x51,0x11,0x00,0x12,
  0x89,0x89,0x9A,0xA9,0x88,0x66,0x66,0x66,0x66,0x66,0x66,0x66,0x66,0x76,0x76,0x66,
  0x66,0x66,0x66,0x66,0x66,0x66,0x66,0x76,0x66,0x66,0x66,0x66,0x66,0x66,0x66,0x66,
  0x76,0x66,0x66,0x66,0x66,0x66,0x66,0x66,0x66,0x76,0x66,0x66,0x66,0x66,0x66,0x66,
  0x66,0x76,0x66,0x66,0x66,0x66,0x66,0x66,0x66,0x66,0x66,0x66,0x66,0x66,0x66,0x66,
  0x66,0x67,0x66,0x66,0x66,0x66,0x66,0x66,0x66,0x76,0x66,0x66,0x66,0x66,0x66,0x66,
  0x67,0x66,0x66,0x66,0x66,0x66,0x66,0x67,0x66,0x66,0x66,0x66,0x66,0x66,0x66,0x76,
  0x66,0x66,0x66,0x66,0x66,0x66,0x66,0x66,0x66,0x66,0x66,0x66,0x66,0x66,0x66,0x66,
  0x76,0x66,0x66,0x66,0x66,0x66,0x66,0x66,0x67,0x66,0x66,0x66,0x66,0x66,0x66,0x66,
  0x55,0x55,0x55,0x55,0x00,0x00,0x01,0x26,0x66,0x67,0x77,0x62,0x55,0x55,0x55,0x55,
  0x55,0x55,0x55,0x55,0x55,0x55,0x55,0x55,0x55,0x55,0x55,0x11,0x11,0x00,0x00,0x12,
  0x98,0x98,0x9A,0xA9,0x86,0x66,0x66,0x66,0x66,0x66,0x66,0x67,0x67,0x66,0x66,0x66,
  0x66,0x66,0x66,0x66,0x66,0x67,0x66,0x66,0x66,0x66,0x66,0x66,0x66,0x66,0x67,0x66,
  0x66,0x66,0x66,0x66,0x66,0x66,0x66,0x66,0x77,0x66,0x66,0x66,0x66,0x66,0x66,0x66,
  0x67,0x66,0x66,0x66,0x66,0x66,0x66,0x66,0x66,0x66,0x66,0x66,0x66,0x66,0x66,0x66,
  0x66,0x66,0x66,0x66,0x66,0x66,0x66,0x66,0x67,0x66,0x66,0x66,0x66,0x66,0x66,0x66,
  0x76,0x66,0x66,0x66,0x66,0x66,0x66,0x67,0x66,0x66,0x66,0x66,0x66,0x66,0x66,0x67,
  0x66,0x66,0x66,0x66,0x66,0x66,0x66,0x66,0x76,0x66,0x66,0x66,0x66,0x66,0x66,0x66,
  0x67,0x66,0x66,0x66,0x66,0x66,0x66,0x66,0x66,0x76,0x66,0x66,0x66,0x66,0x66,0x66,
  0x55,0x55,0x55,0x55,0x11,0x26,0x66,0x67,0x77,0x76,0x25,0x55,0x55,0x55,0x55,0x55,
  0x55,0x55,0x55,0x55,0x55,0x55,0x55,0x55,0x55,0x11,0x11,0x10,0x00,0x00,0x00,0x01,
  0x29,0x89,0x8A,0x99,0x66,0x66,0x66,0x66,0x66,0x66,0x76,0x76,0x66,0x66,0x66,0x66,
  0x66,0x66,0x66,0x66,0x76,0x76,0x66,0x66,0x66,0x66,0x66,0x66,0x66,0x66,0x76,0x66,
  0x66,0x66,0x66,0x66,0x66,0x66,0x66,0x67,0x66,0x66,0x66,0x66,0x66,0x66,0x66,0x66,
  0x76,0x66,0x66,0x66,0x66,0x66,0x66,0x66,0x66,0x76,0x66,0x66,0x66,0x66,0x66,0x66,
  0x67,0x66,0x66,0x66,0x66,0x66,0x66,0x66,0x67,0x66,0x66,0x66,0x66,0x66,0x66,0x66,
  0x76,0x66,0x66,0x66,0x66,0x66,0x66,0x66,0x76,0x66,0x66,0x66,0x66,0x66,0x66,0x67,
  0x66,0x66,0x66,0x66,0x66,0x66,0x66,0x66,0x67,0x66,0x66,0x66,0x66,0x66,0x66,0x66,
  0x66,0x46,0x66,0x66,0x66,0x66,0x66,0x66,0x66,0x66,0x66,0x66,0x66,0x66,0x66,0x66,
  0x55,0x55,0x55,0x55,0x26,0x66,0x77,0x76,0x25,0x55,0x55,0x55,0x55,0x55,0x55,0x55,
  0x55,0x55,0x55,0x55,0x55,0x55,0x55,0x51,0x11,0x00,0x00,0x00,0x11,0x11,0x11,0x01,
  0x28,0x28,0x98,0x98,0x66,0x66,0x66,0x66,0x67,0x67,0x66,0x66,0x66,0x66,0x66,0x66,
  0x66,0x66,0x67,0x67,0x66,0x66,0x66,0x66,0x66,0x66,0x66,0x66,0x67,0x66,0x66,0x66,
  0x66,0x66,0x66,0x66,0x66,0x66,0x67,0x76,0x66,0x66,0x66,0x66,0x66,0x66,0x66,0x67,
  0x66,0x66,0x66,0x66,0x66,0x66,0x66,0x66,0x67,0x66,0x66,0x66,0x66,0x66,0x66,0x66,
  0x67,0x66,0x66,0x66,0x66,0x66,0x66,0x66,0x67,0x66,0x66,0x66,0x66,0x66,0x66,0x66,
  0x46,0x66,0x66,0x66,0x66,0x66,0x66,0x66,0x46,0x66,0x66,0x66,0x66,0x66,0x66,0x66,
  0x46,0x66,0x66,0x66,0x66,0x66,0x66,0x66,0x67,0x66,0x66,0x66,0x66,0x66,0x66,0x66,
  0x66,0x64,0x66,0x66,0x66,0x66,0x66,0x66,0x66,0x66,0x67,0x66,0x66,0x66,0x66,0x66,
  0x55,0x55,0x55,0x55,0x26,0x66,0x25,0x55,0x55,0x55,0x55,0x55,0x55,0x55,0x55,0x55,
  0x55,0x55,0x55,0x55,0x55,0x51,0x11,0x00,0x00,0x01,0x11,0x88,0x88,0x88,0x81,0x11,
  0x11,0x11,0x18,0x88,0x66,0x66,0x66,0x76,0x76,0x66,0x66,0x66,0x66,0x66,0x66,0x66,
  0x66,0x66,0x76,0x66,0x66,0x66,0x66,0x66,0x66,0x66,0x66,0x66,0x76,0x66,0x66,0x66,
  0x66,0x66,0x66,0x66,0x66,0x66,0x76,0x66,0x66,0x66,0x66,0x66,0x66,0x66,0x66,0x76,
  0x66,0x66,0x66,0x66,0x66,0x66,0x66,0x66,0x76,0x66,0x66,0x66,0x66,0x66,0x66,0x66,
  0x46,0x66,0x66,0x66,0x66,0x66,0x66,0x66,0x77,0x66,0x66,0x66,0x66,0x66,0x66,0x66,
  0x46,0x66,0x66,0x66,0x66,0x66,0x66,0x66,0x46,0x66,0x66,0x66,0x66,0x66,0x66,0x66,
  0x46,0x66,0x66,0x66,0x66,0x66,0x66,0x66,0x66,0x76,0x66,0x66,0x66,0x66,0x66,0x66,
  0x66,0x66,0x46,0x66,0x66,0x66,0x66,0x66,0x66,0x66,0x66,0x76,0x66,0x66,0x66,0x66,
  0x55,0x55,0x55,0x55,0x55,0x55,0x55,0x55,0x55,0x55,0x55,0x55,0x55,0x55,0x55,0x55,
  0x55,0x55,0x55,0x51,0x11,0x00,0x01,0x11,0x11,0x88,0x88,0x88,0x68,0x66,0x66,0x66,
  0x66,0x66,0x66,0x66,0x77,0x77,0x77,0x77,0x77,0x67,0x67,0x67,0x67,0x77,0x67,0x67,
  0x67,0x67,0x67,0x67,0x77,0x77,0x77,0x47,0x44,0x44,0x44,0x44,0x44,0x44,0x44,0x74,
  0x77,0x77,0x77,0x77,0x77,0x77,0x77,0x77,0x47,0x44,0x74,0x44,0x44,0x44,0x44,0x44,
  0x44,0x44,0x47,0x47,0x77,0x77,0x67,0x67,0x67,0x67,0x77,0x74,0x74,0x44,0x44,0x44,
  0x44,0x44,0x47,0x77,0x77,0x74,0x44,0x44,0x44,0x44,0x44,0x44,0x44,0x44,0x44,0x44,
  0x44,0x44,0x44,0x44,0x44,0x44,0x44,0x44,0x44,0x47,0x47,0x77,0x47,0x44,0x74,0x44,
  0x44,0x44,0x44,0x44,0x44,0x44,0x44,0x44,0x44,0x44,0x44,0x44,0x74,0x77,0x77,0x67,
  0x67,0x44,0x44,0x44,0x44,0x47,0x74,0x77,0x67,0x67,0x67,0x67,0x77,0x77,0x67,0x67,
  0x55,0x55,0x55,0x55,0x55,0x55,0x55,0x55,0x55,0x55,0x55,0x55,0x55,0x55,0x55,0x55,
  0x55,0x51,0x11,0x10,0x01,0x11,0x18,0x88,0x88,0x88,0x88,0x88,0x88,0x88,0x86,0x86,
  0x66,0x66,0x66,0x66,0x77,0x77,0x66,0x66,0x66,0x66,0x66,0x66,0x66,0x66,0x66,0x66,
  0x76,0x66,0x66,0x66,0x66,0x66,0x66,0x66,0x66,0x66,0x74,0x66,0x66,0x66,0x66,0x66,
  0x66,0x66,0x66,0x66,0x67,0x66,0x66,0x66,0x66,0x66,0x66,0x66,0x66,0x66,0x76,0x66,
  0x66,0x66,0x66,0x66,0x66,0x66,0x66,0x76,0x66,0x66,0x66,0x66,0x66,0x66,0x66,0x64,
  0x66,0x66,0x66,0x66,0x66,0x66,0x66,0x67,0x76,0x66,0x66,0x66,0x66,0x66,0x66,0x66,
  0x46,0x66,0x66,0x66,0x66,0x66,0x66,0x66,0x46,0x66,0x66,0x66,0x66,0x66,0x66,0x66,
  0x64,0x66,0x66,0x66,0x66,0x66,0x66,0x66,0x66,0x67,0x76,0x66,0x66,0x66,0x66,0x66,
  0x66,0x66,0x66,0x46,0x66,0x66,0x66,0x66,0x66,0x66,0x66,0x66,0x66,0x76,0x66,0x66,
  0x55,0x55,0x55,0x55,0x55,0x55,0x55,0x55,0x55,0x55,0x55,0x55,0x55,0x55,0x55,0x55,
  0x11,0x10,0x00,0x01,0x18,0x88,0x88,0x88,0x88,0x66,0x66,0x66,0x66,0x66,0x66,0x66,
  0x66,0x66,0x67,0x77,0x66,0x66,0x66,0x66,0x66,0x66,0x66,0x66,0x66,0x66,0x67,0x66,
  0x66,0x66,0x66,0x66,0x66,0x66,0x66,0x66,0x66,0x74,0x66,0x66,0x66,0x66,0x66,0x66,
  0x66,0x66,0x66,0x67,0x76,0x66,0x66,0x66,0x66,0x66,0x66,0x66,0x66,0x67,0x66,0x66,
  0x66,0x66,0x66,0x66,0x66,0x66,0x67,0x66,0x66,0x66,0x66,0x66,0x66,0x66,0x66,0x46,
  0x66,0x66,0x66,0x66,0x66,0x66,0x66,0x67,0x76,0x66,0x66,0x66,0x66,0x66,0x66,0x66,
  0x76,0x66,0x66,0x66,0x66,0x66,0x66,0x66,0x46,0x66,0x66,0x66,0x66,0x66,0x66,0x66,
  0x67,0x46,0x66,0x66,0x66,0x66,0x66,0x66,0x66,0x66,0x76,0x66,0x66,0x66,0x66,0x66,
  0x66,0x66,0x66,0x64,0x66,0x66,0x66,0x66,0x66,0x66,0x66,0x66,0x66,0x67,0x66,0x66,
};

static const unsigned int palette_data[] = {
  0x0000,
  0x0034,
  0x0357,
  0x0579,
  0x08AC,
  0x0228,
  0x067C,
  0x088E,
  0x075A,
  0x0A13,
  0x0C46,
  0x0E84,
  0x0EB3,
  0x0EE8,
  0x0EEE,
  0x07B5,
};
